file,unfavorable_interactions,favorable_interactions,hydrophobic,charged-mixed,charged_same,polar-hydrophobic,charged_opposite,polar,other
3lyn_1_clean_output_list.txt,3,63,27,24,5,4,2,2,2
2ym0_5_clean_output_list.txt,11,69,35,18,2,17,2,2,4
1yad_2_clean_output_list.txt,3,64,23,15,4,13,2,0,10
1k6i_3_clean_output_list.txt,10,69,25,25,10,4,10,1,4
2qlx_2_clean_output_list.txt,13,110,37,32,6,27,10,10,1
3a9i_1_clean_output_list.txt,22,114,26,37,29,6,16,12,10
3lhx_1_clean_output_list.txt,3,54,32,18,1,0,2,2,2
4zch_5_clean_output_list.txt,10,124,40,12,7,32,14,21,8
2r7h_1_clean_output_list.txt,6,67,24,31,4,8,4,2,0
4zhr_4_clean_output_list.txt,15,77,2,46,11,9,22,2,0
6rp3_5_clean_output_list.txt,14,78,13,14,4,36,0,17,8
6gsu_1_clean_output_list.txt,12,89,29,34,4,9,15,10,0
2z0f_1_clean_output_list.txt,5,56,11,21,2,17,6,4,0
3efb_1_clean_output_list.txt,7,71,15,18,1,14,2,14,14
3lrq_1_clean_output_list.txt,2,81,34,18,2,16,0,13,0
1kho_1_clean_output_list.txt,9,77,16,28,7,8,8,17,2
4n4a_3_clean_output_list.txt,26,78,21,20,20,10,6,19,8
2dh6_1_clean_output_list.txt,17,66,4,30,11,17,8,11,2
4e4j_2_clean_output_list.txt,15,69,24,23,4,19,2,9,3
5gmj_6_clean_output_list.txt,9,86,28,44,2,11,0,2,8
1tfg_1_clean_output_list.txt,6,102,61,4,1,6,0,36,0
3tr2_1_clean_output_list.txt,12,147,32,28,6,43,6,12,32
5ifw_6_clean_output_list.txt,17,70,24,26,0,18,6,5,8
4hdg_1_clean_output_list.txt,16,85,16,33,4,24,7,8,9
2ejn_1_clean_output_list.txt,20,82,20,31,2,21,5,17,6
1xwb_5_clean_output_list.txt,10,40,14,9,3,13,0,6,5
2aps_1_clean_output_list.txt,6,50,24,12,0,10,0,6,4
3mq4_1_clean_output_list.txt,5,49,26,4,4,7,2,11,0
1si5_3_clean_output_list.txt,0,64,8,24,3,6,10,8,5
1bs2_4_clean_output_list.txt,17,58,15,23,13,6,2,12,4
1jzo_1_clean_output_list.txt,7,73,31,9,0,17,4,7,12
4pr3_1_clean_output_list.txt,4,106,53,21,3,20,2,0,11
4nvr_1_clean_output_list.txt,5,55,20,20,0,13,2,5,0
5a1k_8_clean_output_list.txt,23,69,15,36,12,12,2,9,6
3umc_2_clean_output_list.txt,7,57,19,24,5,7,9,0,0
3hha_4_clean_output_list.txt,8,20,7,13,1,0,2,1,4
5uig_4_clean_output_list.txt,4,104,62,2,0,24,0,18,2
3e7p_1_clean_output_list.txt,8,61,44,4,2,8,0,11,0
3ssi_1_clean_output_list.txt,4,81,20,30,2,9,0,11,13
2a8f_1_clean_output_list.txt,4,43,16,8,0,10,1,10,2
4trt_1_clean_output_list.txt,11,71,24,25,2,6,4,6,15
6n5z_1_clean_output_list.txt,7,98,41,40,1,5,1,4,13
1e0r_2_clean_output_list.txt,11,79,14,24,9,20,9,2,12
5eb9_1_clean_output_list.txt,5,65,40,2,4,8,0,14,2
3dqp_1_clean_output_list.txt,1,57,34,6,7,2,4,5,0
3bde_2_clean_output_list.txt,4,91,48,13,13,6,2,10,3
5u0i_1_clean_output_list.txt,10,60,22,28,8,5,6,1,0
3v00_10_clean_output_list.txt,22,69,6,45,8,8,14,0,10
3kkc_1_clean_output_list.txt,3,51,17,15,2,10,2,8,0
3igd_1_clean_output_list.txt,15,45,13,8,15,6,8,10,0
1wwp_1_clean_output_list.txt,7,53,13,24,2,3,5,13,0
3wbj_2_clean_output_list.txt,24,74,5,34,13,4,30,4,8
3hdv_3_clean_output_list.txt,0,28,12,6,0,8,2,0,0
4wwc_3_clean_output_list.txt,20,80,3,35,8,20,3,20,11
5dqw_1_clean_output_list.txt,6,92,42,20,3,8,6,1,18
2nsa_6_clean_output_list.txt,7,82,13,31,19,6,18,2,0
3die_1_clean_output_list.txt,39,287,130,90,6,56,10,9,25
3glv_1_clean_output_list.txt,4,48,23,15,1,7,6,0,0
4k30_3_clean_output_list.txt,0,54,24,10,2,4,0,10,4
4g3u_6_clean_output_list.txt,10,92,46,16,0,3,2,0,35
6bwy_1_clean_output_list.txt,24,86,6,56,13,9,14,4,8
2cc3_1_clean_output_list.txt,7,51,14,19,4,14,2,2,3
1ujn_1_clean_output_list.txt,7,74,34,16,4,14,0,1,12
4xws_2_clean_output_list.txt,6,77,17,17,1,38,0,10,0
1prx_1_clean_output_list.txt,9,222,86,52,6,47,6,21,13
3htv_1_clean_output_list.txt,5,88,39,15,3,14,4,7,11
4w4j_5_clean_output_list.txt,13,124,33,26,7,22,4,12,33
4fna_6_clean_output_list.txt,37,87,13,55,7,12,9,9,19
4wov_3_clean_output_list.txt,0,39,1,15,8,12,2,1,0
5mfa_3_clean_output_list.txt,11,53,11,16,12,4,4,13,4
2fj2_2_clean_output_list.txt,11,67,11,17,6,24,2,15,3
4tkx_3_clean_output_list.txt,10,67,14,19,12,4,0,25,3
2j3x_1_clean_output_list.txt,24,80,14,40,16,6,7,8,13
1dd7_1_clean_output_list.txt,10,41,9,22,1,11,2,5,1
2yvq_2_clean_output_list.txt,24,121,36,26,1,48,2,10,22
1txn_1_clean_output_list.txt,35,203,41,71,14,42,15,25,30
2zzn_2_clean_output_list.txt,11,74,23,34,8,6,13,1,0
6g5g_11_clean_output_list.txt,0,4,1,2,1,0,0,0,0
1hjr_1_clean_output_list.txt,5,75,36,22,0,6,1,3,12
4rmm_1_clean_output_list.txt,3,71,36,2,13,4,0,4,15
3f9s_1_clean_output_list.txt,9,75,33,18,0,18,4,4,7
1c16_14_clean_output_list.txt,10,76,24,18,1,21,0,22,0
5lta_3_clean_output_list.txt,21,77,17,45,8,4,14,10,0
4lhc_2_clean_output_list.txt,14,109,9,41,8,30,6,13,16
5x9i_1_clean_output_list.txt,12,99,35,26,3,24,0,8,15
2gff_1_clean_output_list.txt,4,70,31,29,1,2,5,1,5
5u0k_4_clean_output_list.txt,13,56,21,30,7,5,6,0,0
6aob_1_clean_output_list.txt,9,101,14,23,5,30,5,17,16
4iyp_5_clean_output_list.txt,17,74,36,30,3,2,6,6,8
5hxo_1_clean_output_list.txt,10,117,66,18,13,10,2,18,0
4e5y_1_clean_output_list.txt,9,88,27,24,4,17,4,12,9
1d1t_4_clean_output_list.txt,15,119,48,17,2,25,4,16,22
1y7y_1_clean_output_list.txt,4,48,28,8,2,9,0,5,0
1d5w_2_clean_output_list.txt,2,31,15,12,2,0,2,0,2
2goj_1_clean_output_list.txt,6,58,11,18,3,8,8,10,6
1y67_1_clean_output_list.txt,3,60,10,14,1,14,4,14,6
4ngf_4_clean_output_list.txt,6,69,13,41,4,3,12,2,0
3oet_2_clean_output_list.txt,9,70,17,23,9,9,14,0,7
3lpm_1_clean_output_list.txt,1,62,26,17,0,10,6,2,2
3r8e_1_clean_output_list.txt,20,97,35,14,15,7,4,23,19
3hjp_1_clean_output_list.txt,4,65,39,11,1,11,0,3,4
2ob5_1_clean_output_list.txt,14,76,38,14,15,4,0,9,10
3knz_3_clean_output_list.txt,9,106,21,59,4,10,7,8,6
3nfc_1_clean_output_list.txt,8,57,33,6,6,6,0,9,5
5crc_1_clean_output_list.txt,25,205,72,27,3,41,4,20,63
2bbh_4_clean_output_list.txt,7,67,27,28,5,2,10,2,0
3oym_4_clean_output_list.txt,1,55,12,20,4,4,6,7,3
4i24_3_clean_output_list.txt,14,109,53,28,9,14,9,4,6
4dkc_1_clean_output_list.txt,3,49,30,4,0,10,0,4,4
6eet_1_clean_output_list.txt,18,75,21,32,12,8,14,2,4
2wcu_1_clean_output_list.txt,9,68,43,26,2,2,1,0,3
1b0w_1_clean_output_list.txt,9,54,40,4,2,2,0,12,3
2ahm_21_clean_output_list.txt,8,69,34,18,5,12,4,4,0
3hy8_1_clean_output_list.txt,27,174,74,24,34,20,8,27,14
4yyy_1_clean_output_list.txt,4,48,4,22,1,10,2,7,6
5mzo_2_clean_output_list.txt,26,80,3,37,13,10,4,18,21
6cjs_3_clean_output_list.txt,6,100,50,20,2,20,0,4,10
1ns5_1_clean_output_list.txt,7,90,43,25,1,20,1,5,2
4hhe_4_clean_output_list.txt,29,151,46,39,21,23,12,18,21
5tc2_1_clean_output_list.txt,0,29,17,8,0,0,2,0,2
5gx8_1_clean_output_list.txt,23,110,13,42,10,24,9,29,6
4dj3_1_clean_output_list.txt,4,59,20,17,1,18,0,3,4
5xo7_1_clean_output_list.txt,3,56,18,12,1,16,0,8,4
2c9s_1_clean_output_list.txt,6,53,10,14,0,12,0,3,20
3lqn_1_clean_output_list.txt,4,91,57,8,13,6,4,5,2
1yae_9_clean_output_list.txt,16,83,11,46,9,8,11,10,4
5dyw_1_clean_output_list.txt,17,45,5,16,1,13,2,13,12
5xq1_1_clean_output_list.txt,18,175,81,30,3,39,12,28,0
2gs2_1_clean_output_list.txt,10,79,28,24,4,14,4,6,9
5iu9_1_clean_output_list.txt,20,124,41,43,5,31,9,14,1
6bui_11_clean_output_list.txt,23,64,5,41,17,8,10,0,6
6f1k_1_clean_output_list.txt,13,80,22,23,1,24,4,11,8
1my6_1_clean_output_list.txt,14,49,12,13,2,14,4,12,6
5f05_1_clean_output_list.txt,6,92,39,19,5,12,6,16,1
5znd_3_clean_output_list.txt,12,77,22,20,11,22,2,10,2
2dou_1_clean_output_list.txt,15,138,60,29,5,19,2,10,28
4eo9_1_clean_output_list.txt,8,49,21,10,20,0,0,6,0
2rgv_1_clean_output_list.txt,9,124,52,24,2,26,6,8,15
1zjj_1_clean_output_list.txt,6,101,47,24,0,19,4,5,8
3hn2_1_clean_output_list.txt,13,51,14,11,5,8,9,2,15
6ii0_7_clean_output_list.txt,11,96,5,36,4,35,8,7,12
1nvt_1_clean_output_list.txt,20,105,62,16,2,21,4,1,19
2qxl_1_clean_output_list.txt,8,66,6,33,6,0,18,9,2
2iy2_1_clean_output_list.txt,5,83,26,11,0,18,4,10,19
1qya_1_clean_output_list.txt,7,71,37,17,6,8,8,0,2
5wme_5_clean_output_list.txt,7,62,18,26,7,4,13,1,0
3ksh_1_clean_output_list.txt,13,76,43,1,6,8,4,18,9
4iry_1_clean_output_list.txt,16,69,13,28,7,11,6,0,20
4g1l_10_clean_output_list.txt,18,61,21,20,15,4,6,11,2
4e89_2_clean_output_list.txt,16,78,22,14,14,10,4,27,3
3l1e_1_clean_output_list.txt,6,76,35,12,10,11,2,12,0
4cqo_2_clean_output_list.txt,10,77,9,41,10,18,6,3,0
6g8t_3_clean_output_list.txt,11,68,29,16,5,6,8,9,6
4ic3_1_clean_output_list.txt,9,62,23,12,1,20,2,5,8
3n77_3_clean_output_list.txt,3,60,26,14,2,11,4,2,4
6j09_5_clean_output_list.txt,18,92,16,42,13,8,8,15,8
3teq_3_clean_output_list.txt,5,60,29,22,2,8,0,4,0
1sfl_1_clean_output_list.txt,3,74,33,18,0,9,2,13,2
2nwv_1_clean_output_list.txt,7,82,24,20,10,14,6,12,3
3ret_7_clean_output_list.txt,6,40,21,8,2,4,2,7,2
5dbl_1_clean_output_list.txt,28,76,14,43,16,8,16,1,6
4aqf_9_clean_output_list.txt,24,112,10,61,11,16,16,16,6
4p3o_5_clean_output_list.txt,17,93,6,57,13,7,12,2,13
3fg3_1_clean_output_list.txt,19,74,5,37,10,8,11,9,13
3nib_1_clean_output_list.txt,2,50,24,4,0,2,2,3,17
3bl8_1_clean_output_list.txt,7,54,20,12,6,14,6,2,1
2j98_1_clean_output_list.txt,4,58,15,8,0,4,1,1,33
5ytb_12_clean_output_list.txt,5,3,0,6,1,0,0,1,0
4ye0_1_clean_output_list.txt,5,37,0,17,2,7,0,7,9
1or3_7_clean_output_list.txt,20,44,10,22,16,6,9,1,0
3mg9_3_clean_output_list.txt,10,62,13,24,8,7,8,1,11
2wfh_1_clean_output_list.txt,10,105,32,28,6,17,7,15,10
5ztf_1_clean_output_list.txt,14,73,25,16,20,0,6,17,3
5hm4_1_clean_output_list.txt,6,46,23,6,6,2,0,8,7
6i04_3_clean_output_list.txt,25,85,9,36,9,20,13,23,0
4v07_1_clean_output_list.txt,6,89,46,18,8,14,3,1,5
2o1v_1_clean_output_list.txt,7,124,40,40,6,14,9,16,6
6emt_1_clean_output_list.txt,21,71,5,34,7,10,10,9,17
1aiz_1_clean_output_list.txt,4,40,26,2,0,4,0,0,12
3b4u_1_clean_output_list.txt,9,125,38,38,6,16,6,16,14
6gzc_3_clean_output_list.txt,8,101,38,15,0,32,4,14,6
3al9_1_clean_output_list.txt,14,59,11,20,3,16,11,8,4
4oja_1_clean_output_list.txt,2,58,21,14,1,4,0,3,17
4oph_1_clean_output_list.txt,11,81,26,34,4,16,4,6,2
1o64_1_clean_output_list.txt,5,80,33,15,5,19,2,2,9
5kyn_7_clean_output_list.txt,4,44,5,6,2,12,2,15,6
1qmj_1_clean_output_list.txt,6,43,21,9,4,11,0,2,2
2pwj_2_clean_output_list.txt,5,65,25,17,0,10,2,7,9
3pr8_1_clean_output_list.txt,14,102,21,56,6,15,12,2,4
3atp_1_clean_output_list.txt,16,91,28,20,4,23,4,21,7
3mt5_4_clean_output_list.txt,27,99,17,38,32,14,13,8,4
1hux_1_clean_output_list.txt,1,40,7,17,0,11,2,4,0
4zms_1_clean_output_list.txt,7,56,28,20,0,10,0,5,0
4x94_4_clean_output_list.txt,14,72,13,28,6,9,4,24,2
4ayg_2_clean_output_list.txt,26,87,26,28,0,27,0,23,9
3lyp_1_clean_output_list.txt,8,60,23,24,4,9,8,0,0
2f9q_2_clean_output_list.txt,17,61,4,44,10,6,10,0,4
2fv7_1_clean_output_list.txt,8,38,3,17,1,9,4,9,3
5hay_1_clean_output_list.txt,21,103,11,58,5,16,14,9,11
4exo_1_clean_output_list.txt,4,26,17,6,5,2,0,0,0
3tg8_4_clean_output_list.txt,13,67,7,32,11,2,8,6,14
2j80_1_clean_output_list.txt,10,46,10,21,3,15,0,7,0
3leq_2_clean_output_list.txt,4,29,19,4,0,4,2,1,3
5ncr_1_clean_output_list.txt,2,39,20,13,1,5,0,2,0
4q7e_1_clean_output_list.txt,8,52,11,31,4,4,6,2,2
4emb_2_clean_output_list.txt,9,42,7,20,1,0,4,13,6
2isy_1_clean_output_list.txt,6,62,33,25,4,4,0,0,2
1jqj_9_clean_output_list.txt,15,82,16,39,5,17,7,11,2
5dym_1_clean_output_list.txt,4,76,48,12,9,2,0,6,3
1xlu_1_clean_output_list.txt,2,18,11,2,4,2,0,1,0
1uat_2_clean_output_list.txt,4,53,21,1,4,8,0,11,12
3enm_11_clean_output_list.txt,20,138,32,50,10,6,14,12,34
1psa_1_clean_output_list.txt,20,73,4,50,9,13,0,14,3
3dqz_2_clean_output_list.txt,7,63,33,23,4,2,4,0,4
1v98_2_clean_output_list.txt,4,39,21,6,5,2,0,2,7
1usm_1_clean_output_list.txt,11,47,26,7,8,4,2,6,5
5sy4_1_clean_output_list.txt,7,109,35,29,7,18,5,3,19
2dwu_1_clean_output_list.txt,10,90,18,38,10,19,10,5,0
2oo2_1_clean_output_list.txt,4,73,48,16,11,0,2,0,0
6pkc_4_clean_output_list.txt,14,79,38,16,2,15,3,6,13
3hv2_1_clean_output_list.txt,8,36,22,8,1,2,5,6,0
1vez_2_clean_output_list.txt,6,66,25,12,5,8,4,4,14
2g3k_8_clean_output_list.txt,1,52,11,17,2,13,5,1,4
4hc1_28_clean_output_list.txt,24,115,37,34,4,32,2,11,19
2zz8_1_clean_output_list.txt,8,102,45,20,2,16,3,9,15
3wxm_3_clean_output_list.txt,16,66,17,22,19,8,2,5,9
1xur_1_clean_output_list.txt,7,80,25,27,1,11,0,12,11
1qrd_1_clean_output_list.txt,8,41,7,7,5,14,4,5,7
4f7o_1_clean_output_list.txt,16,58,18,34,1,10,5,1,5
2g7p_1_clean_output_list.txt,15,101,17,48,7,19,9,13,3
1q1n_1_clean_output_list.txt,9,72,33,18,11,12,2,5,0
1ku2_4_clean_output_list.txt,7,72,28,24,8,6,5,2,6
3chi_1_clean_output_list.txt,8,76,33,19,2,13,4,13,0
3aw8_1_clean_output_list.txt,19,84,35,24,8,6,12,3,15
6a17_1_clean_output_list.txt,4,84,39,10,2,10,0,6,21
4ese_1_clean_output_list.txt,16,67,35,16,5,10,0,15,2
1e59_1_clean_output_list.txt,16,42,23,16,10,0,7,2,0
4cmp_11_clean_output_list.txt,28,67,8,24,19,10,12,17,5
3frl_1_clean_output_list.txt,4,89,35,19,2,15,4,8,10
1lkv_6_clean_output_list.txt,11,84,32,24,10,12,4,13,0
6f6p_1_clean_output_list.txt,5,74,29,29,3,5,6,3,4
4lo5_2_clean_output_list.txt,18,78,15,18,3,17,0,35,8
5c6m_2_clean_output_list.txt,3,37,21,11,1,0,5,0,2
3bxz_1_clean_output_list.txt,10,70,45,13,0,17,0,3,2
1esr_1_clean_output_list.txt,13,46,21,6,8,6,0,18,0
4rz0_1_clean_output_list.txt,10,77,51,9,1,10,2,8,6
2f96_1_clean_output_list.txt,13,82,29,12,3,17,0,12,22
1br1_20_clean_output_list.txt,22,92,30,42,4,23,2,7,6
3juw_2_clean_output_list.txt,5,51,11,10,4,9,12,2,8
2cw3_1_clean_output_list.txt,4,60,14,14,4,12,5,9,6
4w8p_5_clean_output_list.txt,12,106,19,20,17,9,11,31,11
3eeg_1_clean_output_list.txt,3,56,25,2,0,17,0,8,7
2ar8_1_clean_output_list.txt,10,62,2,34,8,8,11,4,5
3ghy_3_clean_output_list.txt,3,77,23,19,0,19,2,9,8
4g2e_1_clean_output_list.txt,5,69,50,4,6,4,0,8,2
3m7p_3_clean_output_list.txt,26,150,26,40,14,28,15,27,26
1srr_1_clean_output_list.txt,6,34,20,5,7,0,2,2,4
2zvz_1_clean_output_list.txt,9,77,20,25,7,13,6,1,14
4zng_1_clean_output_list.txt,3,60,30,7,8,6,6,4,2
4gmg_11_clean_output_list.txt,17,73,5,28,5,24,4,7,17
1xkz_2_clean_output_list.txt,2,29,1,14,5,2,8,1,0
5trb_1_clean_output_list.txt,1,60,38,6,10,4,0,1,2
2ecf_1_clean_output_list.txt,6,111,33,13,9,30,4,21,7
2h2w_1_clean_output_list.txt,12,78,19,20,3,13,4,22,9
2z00_2_clean_output_list.txt,14,74,28,14,28,0,6,0,12
4npj_1_clean_output_list.txt,24,99,18,57,15,16,9,7,1
5d9g_2_clean_output_list.txt,10,118,24,50,11,19,7,5,12
3rny_3_clean_output_list.txt,8,47,14,8,0,12,0,19,2
2g3p_1_clean_output_list.txt,15,117,20,31,3,36,1,21,20
1m6u_9_clean_output_list.txt,11,66,6,34,8,2,10,10,7
2xbf_2_clean_output_list.txt,22,57,3,32,6,7,10,2,19
4i15_1_clean_output_list.txt,6,47,2,26,7,6,8,4,0
5l7d_1_clean_output_list.txt,13,58,10,20,15,1,23,0,2
4b87_1_clean_output_list.txt,16,72,11,26,2,11,10,19,9
4xbd_3_clean_output_list.txt,4,39,11,10,3,9,2,2,6
2ibm_4_clean_output_list.txt,16,109,29,56,6,10,10,6,8
6hkw_16_clean_output_list.txt,21,109,21,39,17,14,17,12,10
1jye_1_clean_output_list.txt,11,48,20,9,6,6,0,13,5
2vrn_1_clean_output_list.txt,15,75,16,38,5,12,10,1,8
6beb_5_clean_output_list.txt,18,102,30,28,5,21,4,16,16
4l85_1_clean_output_list.txt,3,36,16,9,3,9,0,1,1
2uzj_8_clean_output_list.txt,19,106,25,20,2,29,0,23,26
1v2z_1_clean_output_list.txt,2,52,18,11,13,6,2,4,0
2snw_1_clean_output_list.txt,7,22,7,5,0,8,0,3,6
4iys_1_clean_output_list.txt,12,107,57,19,23,2,10,5,3
3wpw_1_clean_output_list.txt,13,73,10,33,5,16,4,12,6
1e85_1_clean_output_list.txt,0,40,14,6,0,10,0,10,0
5fom_2_clean_output_list.txt,6,79,25,28,6,8,8,8,2
2i6a_2_clean_output_list.txt,16,62,28,29,3,9,1,3,5
2qxy_1_clean_output_list.txt,5,41,14,25,2,0,5,0,0
5hns_1_clean_output_list.txt,10,123,58,23,1,22,2,8,19
4xea_1_clean_output_list.txt,5,60,18,4,11,8,2,17,5
3u8z_2_clean_output_list.txt,26,192,44,57,30,38,19,12,18
3me4_1_clean_output_list.txt,15,79,14,38,7,23,1,9,2
3hf7_2_clean_output_list.txt,1,42,12,16,5,2,0,5,3
3mlo_3_clean_output_list.txt,13,63,18,21,6,7,6,8,10
1vh0_8_clean_output_list.txt,14,95,40,34,3,18,3,11,0
2j3s_1_clean_output_list.txt,12,78,14,26,5,12,3,2,28
3b39_3_clean_output_list.txt,25,88,23,44,3,20,4,9,10
4q5y_1_clean_output_list.txt,13,79,14,29,3,24,0,19,3
3rri_2_clean_output_list.txt,11,159,33,63,11,20,14,20,9
5oym_13_clean_output_list.txt,13,148,81,47,2,21,7,2,1
5mwx_1_clean_output_list.txt,6,35,15,11,0,8,3,2,2
1rtv_1_clean_output_list.txt,4,35,8,12,5,2,4,0,8
4paa_1_clean_output_list.txt,22,60,2,38,8,9,11,9,5
2hzb_1_clean_output_list.txt,6,74,30,13,2,12,2,2,19
2bhm_2_clean_output_list.txt,13,66,33,20,2,8,5,11,0
3fg6_42_clean_output_list.txt,13,66,4,36,7,14,6,4,8
5iu2_1_clean_output_list.txt,7,78,36,14,2,9,4,7,13
5ayp_1_clean_output_list.txt,10,158,63,35,6,34,11,3,16
1nft_1_clean_output_list.txt,13,75,11,32,4,10,2,12,17
4g37_4_clean_output_list.txt,7,58,7,13,2,15,0,16,12
1iyz_1_clean_output_list.txt,1,27,19,2,4,0,2,1,0
2e1d_1_clean_output_list.txt,6,53,9,23,6,8,11,2,0
4gew_4_clean_output_list.txt,26,160,45,46,12,28,32,8,15
3teq_1_clean_output_list.txt,4,58,24,24,1,11,0,2,0
3ec9_1_clean_output_list.txt,3,65,25,15,1,11,2,6,8
2ajq_9_clean_output_list.txt,15,75,13,29,15,12,10,6,5
3vx3_1_clean_output_list.txt,14,74,19,23,4,10,9,1,22
2wui_1_clean_output_list.txt,8,94,31,26,7,8,8,15,7
3cwc_1_clean_output_list.txt,1,70,25,13,0,22,2,3,6
2ntx_3_clean_output_list.txt,19,63,1,37,12,11,9,4,8
1ov4_1_clean_output_list.txt,0,26,11,0,3,2,2,8,0
2jfp_1_clean_output_list.txt,8,56,23,25,3,4,7,2,0
5j1f_4_clean_output_list.txt,10,45,5,6,5,8,7,24,0
4zqb_1_clean_output_list.txt,8,64,14,34,5,5,12,0,2
5llj_1_clean_output_list.txt,0,26,18,4,0,0,2,0,2
5ks7_1_clean_output_list.txt,4,82,29,36,3,2,14,2,0
4dup_1_clean_output_list.txt,15,84,39,16,5,19,6,3,11
3tpe_4_clean_output_list.txt,12,118,22,37,24,14,13,14,6
5il5_1_clean_output_list.txt,6,39,19,4,3,5,0,11,3
1j8b_1_clean_output_list.txt,4,58,29,6,11,4,0,12,0
2pls_5_clean_output_list.txt,9,30,13,4,11,0,6,3,2
4pzk_1_clean_output_list.txt,16,123,40,32,11,17,7,24,8
2i5p_1_clean_output_list.txt,10,159,66,29,5,30,3,14,22
3hhv_1_clean_output_list.txt,8,53,38,2,7,6,0,5,3
3ccg_1_clean_output_list.txt,5,46,15,12,7,6,2,3,6
2zv3_3_clean_output_list.txt,8,79,36,22,6,3,0,2,18
3cz7_3_clean_output_list.txt,10,78,17,18,0,10,12,2,29
3hj6_1_clean_output_list.txt,3,69,21,31,5,7,0,8,0
4i8c_13_clean_output_list.txt,17,51,14,10,13,6,2,18,5
2h8k_1_clean_output_list.txt,3,23,5,6,0,8,2,5,0
6vjb_4_clean_output_list.txt,14,37,4,10,11,4,9,7,6
5uvc_5_clean_output_list.txt,16,73,4,31,12,7,20,3,12
4nzv_1_clean_output_list.txt,0,51,33,12,0,4,0,0,2
2bdm_2_clean_output_list.txt,19,87,6,46,15,2,18,2,17
2imn_1_clean_output_list.txt,7,46,34,5,2,0,0,9,3
3mlp_10_clean_output_list.txt,14,92,34,31,4,12,8,6,11
3nur_2_clean_output_list.txt,18,183,89,25,20,16,2,36,13
4gmk_1_clean_output_list.txt,18,81,30,24,4,14,0,9,18
5qsl_2_clean_output_list.txt,14,82,20,18,11,25,4,14,4
1udv_1_clean_output_list.txt,2,57,13,10,0,14,3,10,9
1ks2_1_clean_output_list.txt,14,74,20,20,0,32,2,7,7
4l4w_9_clean_output_list.txt,12,78,11,14,10,13,10,11,21
3aln_1_clean_output_list.txt,26,115,20,37,7,41,7,12,17
2iut_1_clean_output_list.txt,17,73,9,50,14,10,4,1,2
1fvp_1_clean_output_list.txt,12,101,39,39,5,11,3,9,7
1poe_1_clean_output_list.txt,6,24,0,7,4,3,1,4,11
4hwx_1_clean_output_list.txt,7,76,22,20,6,10,3,9,13
4c0s_1_clean_output_list.txt,33,156,22,74,26,16,26,13,12
3frs_2_clean_output_list.txt,14,62,16,32,12,2,14,0,0
1azt_1_clean_output_list.txt,13,76,15,31,10,8,13,7,5
1s9p_5_clean_output_list.txt,7,52,14,19,3,13,1,2,7
2ym9_8_clean_output_list.txt,6,72,32,15,2,15,2,11,1
3zl7_8_clean_output_list.txt,20,72,16,30,12,12,4,12,6
3r0n_1_clean_output_list.txt,8,76,29,8,6,6,2,21,12
4c5g_6_clean_output_list.txt,17,76,4,22,0,21,0,23,23
5zyo_2_clean_output_list.txt,25,366,147,87,11,67,19,12,48
5mja_1_clean_output_list.txt,19,78,12,39,10,3,18,3,12
4f82_1_clean_output_list.txt,8,72,18,20,0,10,4,5,23
3auf_1_clean_output_list.txt,4,69,31,8,15,8,4,3,4
4cgr_1_clean_output_list.txt,7,62,29,12,4,16,6,2,0
6rrc_4_clean_output_list.txt,20,101,28,38,16,12,6,19,2
5o8e_2_clean_output_list.txt,17,95,0,52,17,12,18,8,5
1cd8_1_clean_output_list.txt,9,84,46,10,2,15,0,12,8
3opu_23_clean_output_list.txt,20,79,10,32,21,5,4,27,0
2pn5_2_clean_output_list.txt,36,108,15,66,9,22,12,18,2
3uen_5_clean_output_list.txt,11,67,6,40,8,4,12,4,4
3lcr_1_clean_output_list.txt,8,62,26,14,1,15,0,11,3
4dsc_1_clean_output_list.txt,2,82,18,14,4,21,0,22,5
1jrk_1_clean_output_list.txt,8,127,59,43,1,22,5,5,0
4gdy_11_clean_output_list.txt,16,49,11,18,6,10,6,4,10
2f5e_1_clean_output_list.txt,12,83,29,35,0,14,5,3,9
4s3m_1_clean_output_list.txt,5,17,2,2,1,7,1,9,0
6i97_1_clean_output_list.txt,25,132,39,39,5,28,6,3,37
3rtl_6_clean_output_list.txt,6,19,8,8,3,4,1,1,0
3cnk_1_clean_output_list.txt,11,68,22,13,6,11,6,12,9
4mko_2_clean_output_list.txt,12,67,17,28,3,18,6,1,6
6bm9_1_clean_output_list.txt,31,312,117,41,5,59,9,45,67
4o9k_1_clean_output_list.txt,5,65,14,26,8,5,9,4,4
1xef_2_clean_output_list.txt,9,100,13,35,3,13,10,25,10
4ckm_2_clean_output_list.txt,5,64,19,23,6,10,8,3,0
4aw3_1_clean_output_list.txt,17,65,10,20,9,19,10,10,4
3p27_1_clean_output_list.txt,32,83,3,43,11,12,20,16,10
2xt2_1_clean_output_list.txt,2,75,46,13,0,8,8,2,0
5exv_1_clean_output_list.txt,7,95,31,15,3,25,7,3,18
3g13_1_clean_output_list.txt,7,86,24,31,2,11,4,19,2
1bhm_1_clean_output_list.txt,4,75,12,22,6,4,15,13,7
3hmk_1_clean_output_list.txt,5,53,21,23,1,5,0,3,5
3dh1_1_clean_output_list.txt,2,85,37,21,1,26,2,0,0
2wfc_1_clean_output_list.txt,8,57,30,10,0,13,2,1,9
2qyu_1_clean_output_list.txt,21,181,14,76,15,24,20,36,17
3cpe_5_clean_output_list.txt,22,122,24,37,7,21,5,13,37
5n7l_1_clean_output_list.txt,2,13,0,8,2,0,3,0,2
3ftj_3_clean_output_list.txt,7,107,4,32,8,26,0,30,14
1gam_1_clean_output_list.txt,9,35,9,12,4,8,2,3,6
3npc_2_clean_output_list.txt,13,101,26,27,1,35,3,14,8
4guz_5_clean_output_list.txt,5,69,30,22,3,5,2,6,6
5gyr_7_clean_output_list.txt,24,178,84,44,12,24,4,6,28
3ty9_4_clean_output_list.txt,10,88,23,37,4,10,12,1,11
5yii_2_clean_output_list.txt,19,82,33,6,2,25,0,10,25
1o12_1_clean_output_list.txt,8,71,20,23,8,14,4,6,4
3rks_2_clean_output_list.txt,13,62,24,13,5,7,11,2,13
5k4b_1_clean_output_list.txt,24,111,15,54,14,18,15,15,4
2vsc_4_clean_output_list.txt,23,161,37,61,11,28,12,18,17
2j7l_4_clean_output_list.txt,29,102,9,42,4,17,16,25,18
4wny_1_clean_output_list.txt,10,72,45,12,5,12,2,4,2
5bqn_4_clean_output_list.txt,37,100,7,74,4,11,11,26,4
5vcp_1_clean_output_list.txt,1,62,39,6,0,2,2,0,14
1zzh_2_clean_output_list.txt,14,90,30,20,1,20,10,5,18
3jpw_2_clean_output_list.txt,12,74,23,30,2,14,8,9,0
2pij_1_clean_output_list.txt,4,39,19,10,4,6,2,0,2
3u8z_10_clean_output_list.txt,8,57,19,14,13,6,4,6,3
5csa_6_clean_output_list.txt,37,127,24,40,5,48,8,22,17
4zdu_4_clean_output_list.txt,12,63,2,42,6,0,10,8,7
3ter_1_clean_output_list.txt,5,68,31,14,4,17,2,5,0
2gz6_1_clean_output_list.txt,15,23,1,10,5,2,9,10,1
1zcj_3_clean_output_list.txt,30,100,16,35,31,15,14,8,11
2xwc_1_clean_output_list.txt,8,53,7,14,4,18,4,10,4
1fse_3_clean_output_list.txt,4,37,12,13,2,7,4,2,1
4ytv_3_clean_output_list.txt,10,62,17,14,2,11,2,12,14
3dpt_1_clean_output_list.txt,11,81,18,39,3,8,11,6,7
5ep8_1_clean_output_list.txt,3,69,24,8,1,19,0,12,8
4p7o_1_clean_output_list.txt,12,80,11,32,3,17,3,16,10
3kux_3_clean_output_list.txt,2,47,20,10,4,6,0,4,5
2ijd_5_clean_output_list.txt,31,108,17,37,14,12,14,13,32
4g8t_2_clean_output_list.txt,10,98,28,24,2,13,9,13,19
4c0p_1_clean_output_list.txt,28,101,7,60,14,2,23,21,2
3fbu_1_clean_output_list.txt,2,52,7,13,9,10,4,6,5
3bxh_1_clean_output_list.txt,3,46,15,12,0,12,2,5,3
3jv9_1_clean_output_list.txt,3,71,14,20,2,34,0,0,4
3ftj_5_clean_output_list.txt,22,101,7,20,4,28,6,25,33
4yl6_4_clean_output_list.txt,1,91,29,28,6,6,14,5,4
2dpf_1_clean_output_list.txt,17,99,52,21,1,18,3,4,17
4aj7_1_clean_output_list.txt,11,41,20,9,3,12,0,4,4
3aad_12_clean_output_list.txt,14,54,3,30,5,12,8,5,5
6p40_1_clean_output_list.txt,9,120,37,36,2,22,6,7,19
2x4i_1_clean_output_list.txt,6,52,28,10,1,12,0,7,0
4aqt_3_clean_output_list.txt,20,88,10,44,2,24,0,9,19
6mxd_2_clean_output_list.txt,7,83,28,17,4,24,5,3,9
2h9u_1_clean_output_list.txt,0,64,28,12,11,2,2,6,3
1vr0_1_clean_output_list.txt,7,76,28,7,16,7,10,14,1
4d6y_1_clean_output_list.txt,3,35,16,10,4,2,4,0,2
4xas_1_clean_output_list.txt,5,50,14,16,4,5,8,7,1
4nxf_1_clean_output_list.txt,11,41,20,19,6,5,0,0,2
3kg6_2_clean_output_list.txt,11,41,14,10,0,12,0,5,11
4jz2_1_clean_output_list.txt,5,56,14,8,3,12,4,14,6
4w8c_6_clean_output_list.txt,25,202,110,26,4,43,4,26,14
4f2n_2_clean_output_list.txt,6,60,9,15,2,10,8,16,6
1iug_1_clean_output_list.txt,13,139,36,27,1,47,4,17,20
3m5u_1_clean_output_list.txt,19,150,32,39,3,38,3,18,36
3g7p_1_clean_output_list.txt,6,43,20,20,5,0,2,0,2
5kvt_2_clean_output_list.txt,25,67,14,31,12,4,16,0,15
6r2f_1_clean_output_list.txt,11,83,40,31,12,4,7,0,0
3fbt_2_clean_output_list.txt,10,54,19,10,4,15,5,11,0
5e5p_4_clean_output_list.txt,14,126,42,22,14,16,4,34,8
3m45_2_clean_output_list.txt,7,48,9,23,1,14,2,6,0
4oar_3_clean_output_list.txt,22,90,26,38,4,14,4,23,3
4ex4_1_clean_output_list.txt,15,75,4,52,8,10,2,2,12
4nsv_1_clean_output_list.txt,9,30,7,4,1,11,0,9,7
4whj_1_clean_output_list.txt,12,56,32,20,2,9,2,3,0
4flb_1_clean_output_list.txt,11,43,12,8,12,3,2,17,0
4ds3_1_clean_output_list.txt,2,49,30,8,0,4,0,0,9
3ewb_1_clean_output_list.txt,7,49,22,17,2,4,2,3,6
4i1t_1_clean_output_list.txt,10,66,28,14,5,8,2,12,7
5n71_4_clean_output_list.txt,19,103,53,18,15,10,2,14,10
3gty_7_clean_output_list.txt,16,69,15,29,13,6,10,4,8
3dui_1_clean_output_list.txt,11,43,14,7,1,18,2,6,6
2oz6_1_clean_output_list.txt,6,115,57,15,14,6,0,20,9
3wbi_8_clean_output_list.txt,22,77,2,34,17,8,17,8,13
4ayn_1_clean_output_list.txt,8,81,8,19,2,16,11,9,24
3e7k_14_clean_output_list.txt,3,77,27,18,0,24,0,9,2
1j8f_5_clean_output_list.txt,17,175,63,32,8,29,4,25,31
5lb8_1_clean_output_list.txt,24,95,9,62,15,11,14,5,3
4kyx_1_clean_output_list.txt,3,85,42,14,2,17,4,5,4
3kg8_1_clean_output_list.txt,6,61,21,11,0,25,2,8,0
1eku_1_clean_output_list.txt,19,112,30,42,13,12,9,24,1
2nys_1_clean_output_list.txt,4,70,40,14,1,5,5,6,3
5f5r_2_clean_output_list.txt,5,65,13,26,11,4,4,12,0
3k55_9_clean_output_list.txt,37,252,67,104,15,43,13,44,3
2i91_1_clean_output_list.txt,16,73,6,37,12,10,19,5,0
1gxd_4_clean_output_list.txt,35,55,20,40,5,6,6,4,9
2zu1_3_clean_output_list.txt,9,60,33,11,3,14,0,2,6
4nf1_4_clean_output_list.txt,3,56,26,14,1,2,5,6,5
1azw_1_clean_output_list.txt,9,44,10,28,3,4,2,2,4
5y5w_17_clean_output_list.txt,18,122,37,10,23,12,10,43,5
1khx_2_clean_output_list.txt,4,38,2,12,1,10,2,13,2
6k6n_1_clean_output_list.txt,9,86,25,38,10,6,10,2,4
1gan_1_clean_output_list.txt,10,41,18,6,0,17,1,6,3
1wn2_1_clean_output_list.txt,7,85,57,4,10,5,0,8,8
4fhl_2_clean_output_list.txt,25,79,35,19,2,32,2,12,2
4d94_2_clean_output_list.txt,30,112,17,63,10,21,14,17,0
3qb2_9_clean_output_list.txt,2,78,34,23,1,4,4,9,5
3jr8_2_clean_output_list.txt,8,40,33,0,2,4,0,6,3
3smt_4_clean_output_list.txt,18,116,25,48,1,33,6,9,12
4ckn_2_clean_output_list.txt,6,80,31,28,3,18,3,3,0
5jk9_1_clean_output_list.txt,14,59,2,42,4,2,9,3,11
5zw3_1_clean_output_list.txt,18,118,68,30,3,16,3,12,4
1z72_1_clean_output_list.txt,4,75,34,15,0,9,6,1,14
4gc9_1_clean_output_list.txt,3,117,77,22,5,6,0,0,10
5yij_13_clean_output_list.txt,34,115,12,66,11,18,10,17,15
3cwn_2_clean_output_list.txt,4,49,14,20,2,7,2,8,0
2ha7_1_clean_output_list.txt,7,33,3,15,2,6,7,6,1
5fgo_1_clean_output_list.txt,13,103,40,36,6,18,10,4,2
2bpd_1_clean_output_list.txt,8,48,10,3,0,28,0,15,0
3tgo_11_clean_output_list.txt,19,100,24,67,7,4,8,7,2
1zp7_1_clean_output_list.txt,11,85,20,12,4,24,2,17,17
4xvv_1_clean_output_list.txt,5,81,22,26,0,20,5,10,3
1kez_1_clean_output_list.txt,8,60,19,20,2,11,4,2,10
3p9x_1_clean_output_list.txt,2,42,26,10,0,8,0,0,0
3hde_2_clean_output_list.txt,8,68,23,20,1,7,3,3,19
1a3a_1_clean_output_list.txt,8,68,11,20,4,19,5,12,5
2pr8_3_clean_output_list.txt,15,96,26,15,1,29,4,5,31
3sti_6_clean_output_list.txt,8,49,20,18,3,7,0,4,5
4omv_1_clean_output_list.txt,7,56,20,23,4,3,13,0,0
1xuq_1_clean_output_list.txt,8,52,10,10,1,14,4,15,6
3cei_1_clean_output_list.txt,8,55,11,15,1,10,4,16,6
4pbc_1_clean_output_list.txt,28,390,120,139,17,78,20,12,32
4ga4_1_clean_output_list.txt,10,83,27,22,1,21,0,2,20
1vg9_2_clean_output_list.txt,11,72,26,29,8,7,10,0,3
5ig8_1_clean_output_list.txt,30,169,72,18,16,31,2,51,9
2q30_4_clean_output_list.txt,15,102,32,24,2,40,4,3,12
5h13_1_clean_output_list.txt,25,107,41,29,29,6,6,11,10
3aqt_1_clean_output_list.txt,3,60,10,14,1,19,4,5,10
2w0l_2_clean_output_list.txt,6,42,13,2,0,10,2,11,10
3lmb_1_clean_output_list.txt,19,90,33,26,1,13,4,9,23
2x6g_7_clean_output_list.txt,10,59,9,17,0,28,0,15,0
4cyj_12_clean_output_list.txt,19,98,10,34,6,18,5,22,22
2pju_1_clean_output_list.txt,6,57,28,11,1,15,1,4,3
5ex9_2_clean_output_list.txt,39,223,63,71,16,40,18,17,37
3nzp_2_clean_output_list.txt,4,34,0,4,6,6,11,8,3
1zxk_1_clean_output_list.txt,14,75,34,21,2,25,0,5,2
4tkz_2_clean_output_list.txt,0,7,2,1,0,4,0,0,0
5col_1_clean_output_list.txt,7,87,32,30,3,14,4,5,6
1yln_1_clean_output_list.txt,16,138,16,46,16,37,12,17,10
4pln_1_clean_output_list.txt,16,59,6,30,9,6,9,2,13
1sw2_4_clean_output_list.txt,20,71,17,30,12,10,8,3,11
3ljb_2_clean_output_list.txt,0,1,0,0,0,0,0,1,0
3wbj_6_clean_output_list.txt,29,61,8,30,15,10,20,5,2
1ail_1_clean_output_list.txt,4,80,39,6,11,12,6,7,3
5dtm_1_clean_output_list.txt,13,103,17,40,6,18,16,9,10
1u07_1_clean_output_list.txt,12,78,9,24,1,28,4,16,8
3jth_1_clean_output_list.txt,5,65,28,23,2,7,3,7,0
5l45_1_clean_output_list.txt,14,89,23,31,7,7,10,0,25
1tvd_1_clean_output_list.txt,13,56,27,25,4,4,4,0,5
2v54_1_clean_output_list.txt,3,66,30,8,1,17,0,12,1
1xew_4_clean_output_list.txt,16,75,3,44,14,4,12,0,14
3lp9_1_clean_output_list.txt,6,49,12,15,0,14,2,4,8
3hh7_1_clean_output_list.txt,7,41,10,16,3,12,0,5,2
1h0x_1_clean_output_list.txt,1,66,23,20,2,6,1,5,10
4pwz_1_clean_output_list.txt,10,76,6,34,5,14,8,14,5
5a0j_1_clean_output_list.txt,1,97,40,13,7,22,6,8,2
2vnc_8_clean_output_list.txt,22,87,16,38,5,12,2,26,10
3l7o_1_clean_output_list.txt,13,89,30,28,4,6,12,9,13
1ici_5_clean_output_list.txt,12,93,33,16,4,18,4,21,9
4p2l_1_clean_output_list.txt,18,70,10,24,5,17,0,11,21
1dp4_1_clean_output_list.txt,0,28,17,6,2,0,1,2,0
6j20_3_clean_output_list.txt,14,84,36,35,9,8,8,2,0
4y5u_1_clean_output_list.txt,11,66,21,25,6,15,3,3,4
4qdh_1_clean_output_list.txt,28,84,8,30,7,13,2,41,11
1nf7_4_clean_output_list.txt,14,18,0,16,5,6,3,0,2
4q97_1_clean_output_list.txt,10,86,21,14,0,37,2,20,2
5wof_13_clean_output_list.txt,13,90,45,16,2,16,2,12,10
2xhf_1_clean_output_list.txt,4,61,33,15,2,6,2,3,4
6qzh_3_clean_output_list.txt,14,70,4,10,24,2,17,13,14
1s9c_6_clean_output_list.txt,1,82,50,17,0,12,2,2,0
3u7i_2_clean_output_list.txt,11,85,22,32,5,18,6,11,2
6gjq_3_clean_output_list.txt,1,65,27,18,0,6,5,0,10
1cyy_5_clean_output_list.txt,16,77,2,44,12,12,12,11,0
1sxs_1_clean_output_list.txt,7,56,10,13,0,12,3,4,21
2xss_2_clean_output_list.txt,30,257,85,89,7,58,14,20,14
4dyw_3_clean_output_list.txt,6,82,37,28,4,10,4,1,4
1g73_7_clean_output_list.txt,16,70,13,30,3,19,6,15,0
5ckl_1_clean_output_list.txt,4,56,30,8,11,0,2,3,6
5yik_15_clean_output_list.txt,5,34,14,8,4,8,2,3,0
5y4s_6_clean_output_list.txt,31,95,14,33,7,40,1,16,15
2eav_1_clean_output_list.txt,7,51,4,12,0,24,6,12,0
2wnh_5_clean_output_list.txt,14,89,13,26,14,16,4,14,16
1ex2_1_clean_output_list.txt,4,35,0,8,6,8,4,13,0
4nzj_2_clean_output_list.txt,14,88,24,28,25,6,2,16,1
6eng_3_clean_output_list.txt,11,113,23,41,11,10,13,6,20
3zrd_1_clean_output_list.txt,7,60,29,19,1,9,2,0,7
3k86_1_clean_output_list.txt,17,232,80,45,5,68,14,31,6
4k5s_1_clean_output_list.txt,7,86,9,28,7,10,10,4,25
3pc7_1_clean_output_list.txt,5,43,19,10,13,0,4,1,1
4fdb_1_clean_output_list.txt,20,89,48,18,13,10,0,16,4
2bdq_1_clean_output_list.txt,6,85,14,33,5,15,5,9,10
4q96_2_clean_output_list.txt,4,113,60,22,2,25,3,5,0
1y6h_3_clean_output_list.txt,15,105,32,36,6,12,6,14,14
4a56_1_clean_output_list.txt,7,29,1,12,6,0,2,15,0
1dt9_4_clean_output_list.txt,23,91,2,41,12,3,13,19,24
1fpq_1_clean_output_list.txt,19,235,135,16,28,26,4,38,7
5hu7_1_clean_output_list.txt,10,40,19,13,1,3,2,10,2
4o1h_1_clean_output_list.txt,7,36,8,21,5,2,4,1,2
1fr1_1_clean_output_list.txt,14,104,8,68,4,12,9,8,9
1kvo_2_clean_output_list.txt,9,29,1,8,3,2,6,3,15
1yem_1_clean_output_list.txt,0,72,40,21,2,0,4,0,5
5fuf_1_clean_output_list.txt,14,92,24,42,0,4,14,8,14
6cgb_1_clean_output_list.txt,18,83,40,10,12,16,0,16,7
1bp6_1_clean_output_list.txt,8,63,7,28,6,8,10,8,4
1jm0_2_clean_output_list.txt,8,69,43,12,5,8,6,3,0
5j7n_3_clean_output_list.txt,17,96,46,11,20,4,2,18,12
4bq8_3_clean_output_list.txt,10,74,29,26,7,10,4,4,4
5b1y_1_clean_output_list.txt,15,132,43,37,2,22,6,4,33
2v3t_1_clean_output_list.txt,18,60,5,31,10,12,9,8,3
3c8j_1_clean_output_list.txt,3,63,25,10,1,18,3,9,0
4o1i_2_clean_output_list.txt,7,59,18,31,5,2,6,0,4
6h3u_14_clean_output_list.txt,17,70,16,12,0,33,0,13,13
2bho_1_clean_output_list.txt,13,74,35,2,4,20,2,16,8
2d13_2_clean_output_list.txt,8,71,25,25,2,4,8,2,13
2ew2_1_clean_output_list.txt,5,64,27,14,0,14,2,4,8
1xvq_2_clean_output_list.txt,3,60,31,14,5,4,0,2,7
1wlg_3_clean_output_list.txt,26,93,21,40,2,18,6,25,7
2ont_3_clean_output_list.txt,15,106,64,10,10,8,2,25,2
2g0h_1_clean_output_list.txt,14,46,11,21,4,14,2,8,0
5knl_11_clean_output_list.txt,4,21,1,14,2,2,2,4,0
1jbg_1_clean_output_list.txt,0,64,31,6,9,6,4,5,3
4muo_1_clean_output_list.txt,9,90,27,30,9,1,4,1,27
1nzi_1_clean_output_list.txt,7,83,37,12,0,18,0,21,2
3s4r_7_clean_output_list.txt,5,85,22,32,1,10,14,3,8
5afb_2_clean_output_list.txt,26,114,34,34,17,16,12,19,8
1r7j_1_clean_output_list.txt,2,65,45,10,6,3,2,1,0
6h4h_10_clean_output_list.txt,17,69,13,14,18,6,7,28,0
3lhk_2_clean_output_list.txt,11,112,62,23,6,13,8,6,5
4axv_2_clean_output_list.txt,8,59,15,7,10,4,8,22,1
1np8_1_clean_output_list.txt,7,52,8,20,7,9,5,4,6
2bde_2_clean_output_list.txt,11,68,15,36,14,1,9,4,0
2xj3_1_clean_output_list.txt,6,55,28,14,2,12,1,4,0
1jhe_1_clean_output_list.txt,11,51,16,18,2,12,2,1,11
2vpk_1_clean_output_list.txt,13,99,27,12,12,26,8,20,7
4kkd_1_clean_output_list.txt,9,55,4,29,12,2,9,5,3
2nx9_1_clean_output_list.txt,15,115,31,30,11,20,8,14,16
4zwv_1_clean_output_list.txt,15,182,72,43,8,26,11,11,26
1qg7_1_clean_output_list.txt,8,65,30,24,3,12,0,4,0
1erv_1_clean_output_list.txt,7,41,17,2,9,6,0,10,4
6fnz_4_clean_output_list.txt,14,157,78,33,3,28,8,5,16
3dxb_16_clean_output_list.txt,10,94,12,37,7,12,9,11,16
4g7n_1_clean_output_list.txt,19,81,11,40,7,17,4,17,4
3lqe_5_clean_output_list.txt,6,47,8,2,4,10,0,23,6
1zc6_1_clean_output_list.txt,11,57,10,34,7,1,8,0,8
4m58_1_clean_output_list.txt,22,98,28,36,12,14,16,5,9
1fu1_8_clean_output_list.txt,13,46,18,22,3,8,2,6,0
2omk_1_clean_output_list.txt,20,104,22,59,2,23,0,6,12
3qwm_1_clean_output_list.txt,14,75,23,26,7,14,2,17,0
1iqc_1_clean_output_list.txt,23,128,55,27,2,40,2,16,9
6d9m_4_clean_output_list.txt,11,72,10,46,5,0,8,11,3
5f3k_1_clean_output_list.txt,12,113,30,39,3,27,4,11,11
4bla_10_clean_output_list.txt,20,76,31,12,12,4,4,25,8
2ewt_1_clean_output_list.txt,0,38,24,0,0,7,0,7,0
2g45_2_clean_output_list.txt,9,139,42,31,3,41,12,11,8
5cow_2_clean_output_list.txt,5,71,11,21,9,10,6,12,7
4o03_1_clean_output_list.txt,17,69,11,40,4,10,2,19,0
3k5s_1_clean_output_list.txt,13,71,17,23,2,18,5,15,4
2we8_2_clean_output_list.txt,1,60,35,6,4,8,2,1,5
2ogi_1_clean_output_list.txt,5,51,39,3,0,12,0,2,0
2j8z_1_clean_output_list.txt,12,92,50,7,9,10,0,8,20
3vh1_2_clean_output_list.txt,12,105,27,50,9,12,8,7,4
3ajz_1_clean_output_list.txt,8,46,23,9,7,4,5,4,2
3oa4_1_clean_output_list.txt,14,130,68,16,9,19,6,6,20
5i10_2_clean_output_list.txt,6,48,27,8,4,6,0,7,2
4n3v_1_clean_output_list.txt,18,79,23,34,11,4,6,6,13
3mgc_2_clean_output_list.txt,25,175,41,16,14,58,4,40,27
4fqn_1_clean_output_list.txt,10,69,15,23,4,15,4,17,1
1mp9_1_clean_output_list.txt,15,94,39,29,7,21,6,6,1
5igp_2_clean_output_list.txt,14,101,26,20,2,35,2,20,10
1tz3_1_clean_output_list.txt,6,65,22,26,1,13,0,9,0
5hpk_5_clean_output_list.txt,15,60,9,28,12,8,10,3,5
2v9c_1_clean_output_list.txt,10,93,17,25,3,33,6,7,12
6bnc_1_clean_output_list.txt,12,92,7,39,2,12,8,16,20
5k5t_1_clean_output_list.txt,36,178,37,82,14,29,8,17,27
3blc_3_clean_output_list.txt,8,164,59,44,3,33,6,13,14
6jsd_1_clean_output_list.txt,24,259,115,25,0,70,2,31,40
1nfs_1_clean_output_list.txt,2,65,25,15,0,12,0,3,12
4q7j_22_clean_output_list.txt,10,79,12,41,7,12,6,5,6
1q4j_1_clean_output_list.txt,22,40,20,26,0,7,1,8,0
3gff_1_clean_output_list.txt,10,54,9,13,0,18,4,18,2
4rb0_7_clean_output_list.txt,6,73,30,18,11,6,6,1,7
2itf_5_clean_output_list.txt,7,20,5,5,6,2,5,4,0
6a1z_5_clean_output_list.txt,16,83,7,34,12,6,20,6,14
2zkj_2_clean_output_list.txt,5,57,15,21,0,17,0,9,0
3rpc_2_clean_output_list.txt,14,64,13,34,3,6,5,7,10
3v6n_1_clean_output_list.txt,10,41,12,24,0,4,2,1,8
1wtc_1_clean_output_list.txt,6,60,16,13,18,2,9,8,0
5mio_5_clean_output_list.txt,22,111,46,39,6,23,6,13,0
4j2p_1_clean_output_list.txt,8,119,64,17,9,8,6,18,5
1g68_1_clean_output_list.txt,15,78,11,41,7,8,8,11,7
1ewj_2_clean_output_list.txt,16,102,24,36,6,29,6,15,2
3lo3_3_clean_output_list.txt,13,102,37,14,4,27,5,15,13
6tka_4_clean_output_list.txt,26,104,10,43,4,38,6,17,12
2q5c_3_clean_output_list.txt,6,31,19,6,2,0,8,0,2
2x2u_3_clean_output_list.txt,12,83,15,38,11,10,12,5,4
3esf_1_clean_output_list.txt,4,62,13,18,2,6,8,13,6
5t93_1_clean_output_list.txt,2,42,25,4,0,4,2,4,5
6cf6_1_clean_output_list.txt,13,153,54,52,6,28,7,9,10
6i3j_3_clean_output_list.txt,7,73,14,22,12,14,4,5,9
1s9p_1_clean_output_list.txt,15,75,13,30,5,15,8,12,7
3k44_21_clean_output_list.txt,14,71,5,34,12,10,2,4,18
4qhh_3_clean_output_list.txt,9,77,41,22,4,6,8,5,0
1j1i_1_clean_output_list.txt,3,70,27,14,6,6,6,9,5
2nwu_1_clean_output_list.txt,5,44,8,17,5,13,4,2,0
5yim_2_clean_output_list.txt,49,174,23,88,16,25,16,26,29
2gpc_1_clean_output_list.txt,8,59,13,22,2,6,6,12,6
1qex_1_clean_output_list.txt,8,90,19,29,0,24,0,8,18
2jbx_1_clean_output_list.txt,6,64,21,19,1,17,0,12,0
6fjv_2_clean_output_list.txt,15,76,40,20,15,6,3,2,5
2ebb_1_clean_output_list.txt,5,54,38,8,4,0,0,9,0
2ctx_1_clean_output_list.txt,6,47,9,12,2,12,0,14,4
1cd0_1_clean_output_list.txt,4,56,24,5,1,10,1,11,8
1p8l_1_clean_output_list.txt,7,95,7,35,9,10,19,14,8
2rhj_1_clean_output_list.txt,14,66,24,23,6,12,2,8,5
4qf2_1_clean_output_list.txt,7,50,16,18,3,14,0,3,3
4gml_1_clean_output_list.txt,7,65,18,26,0,23,2,3,0
3ucr_1_clean_output_list.txt,6,48,1,10,0,26,0,10,7
4jp4_1_clean_output_list.txt,8,80,25,27,2,11,0,11,12
2q24_2_clean_output_list.txt,0,4,0,3,0,0,1,0,0
2a4a_3_clean_output_list.txt,0,2,1,1,0,0,0,0,0
2dc4_1_clean_output_list.txt,3,70,36,20,6,4,2,1,4
4lw8_1_clean_output_list.txt,0,57,41,10,0,4,2,0,0
4h2i_1_clean_output_list.txt,12,84,49,9,18,10,4,6,0
2qld_1_clean_output_list.txt,2,65,38,10,14,2,2,1,0
4a12_9_clean_output_list.txt,24,85,17,48,1,16,9,18,0
1t0i_1_clean_output_list.txt,7,101,29,32,2,16,7,9,13
1mml_2_clean_output_list.txt,19,100,38,38,13,8,6,8,8
6vdd_2_clean_output_list.txt,16,53,2,30,13,2,16,2,4
1xre_1_clean_output_list.txt,10,54,10,12,2,14,4,16,6
5msn_1_clean_output_list.txt,30,120,10,51,14,29,18,16,12
4kmd_4_clean_output_list.txt,20,83,16,26,16,22,10,4,9
3ppe_1_clean_output_list.txt,11,71,23,29,4,20,0,4,2
4qgb_1_clean_output_list.txt,25,101,21,50,10,16,7,8,14
5lj8_3_clean_output_list.txt,14,72,13,26,3,19,8,15,2
3pyi_1_clean_output_list.txt,6,62,25,10,0,16,4,8,5
3k1m_1_clean_output_list.txt,8,61,0,17,4,16,8,13,11
5omn_2_clean_output_list.txt,6,84,15,23,1,24,4,19,4
2vx8_1_clean_output_list.txt,7,155,54,30,5,38,3,17,15
4rzk_1_clean_output_list.txt,6,40,3,14,1,8,6,3,11
4mdh_1_clean_output_list.txt,10,114,24,52,0,15,8,17,8
2pl1_1_clean_output_list.txt,11,65,10,30,12,4,10,7,3
3fe1_7_clean_output_list.txt,14,93,6,44,8,15,16,10,8
2npn_3_clean_output_list.txt,3,27,5,6,4,2,6,6,1
4red_8_clean_output_list.txt,18,140,48,52,4,26,10,5,13
2w68_11_clean_output_list.txt,7,63,28,4,6,4,0,22,6
5cro_1_clean_output_list.txt,5,46,24,18,4,0,4,0,1
1ac6_1_clean_output_list.txt,11,48,17,11,0,12,0,7,12
5j9c_1_clean_output_list.txt,7,57,20,11,1,15,2,11,4
3dd9_1_clean_output_list.txt,19,192,84,34,4,54,6,22,7
5ujf_2_clean_output_list.txt,11,40,15,10,4,4,2,3,13
5hsx_3_clean_output_list.txt,4,51,29,2,10,2,2,5,5
2ffv_3_clean_output_list.txt,13,96,9,20,8,19,3,23,27
3t9y_1_clean_output_list.txt,29,166,58,26,25,14,6,48,18
5vdf_4_clean_output_list.txt,12,38,0,10,9,5,2,8,16
3ce1_1_clean_output_list.txt,4,51,25,4,3,2,0,6,15
1alu_1_clean_output_list.txt,14,75,12,40,6,14,6,11,0
4e04_1_clean_output_list.txt,13,87,33,35,3,12,5,7,5
1zbh_2_clean_output_list.txt,20,58,8,35,6,2,13,0,14
5lvz_1_clean_output_list.txt,4,64,33,11,13,6,2,3,0
3o77_2_clean_output_list.txt,21,94,17,32,9,9,6,12,30
6gfk_3_clean_output_list.txt,16,112,24,48,12,14,10,0,20
1ud0_7_clean_output_list.txt,23,102,33,45,3,24,5,8,7
1afw_1_clean_output_list.txt,34,199,49,75,3,44,6,25,31
3q1d_1_clean_output_list.txt,4,39,21,4,3,4,2,9,0
3d6r_3_clean_output_list.txt,3,20,10,10,1,1,1,0,0
2ywa_1_clean_output_list.txt,10,80,15,33,7,10,16,9,0
5e6m_3_clean_output_list.txt,15,61,3,36,5,12,8,8,4
2ikk_1_clean_output_list.txt,14,66,32,8,0,19,0,19,2
5fub_1_clean_output_list.txt,8,113,57,18,3,18,0,20,5
1ggt_10_clean_output_list.txt,8,52,4,34,6,2,8,4,2
6ii0_11_clean_output_list.txt,19,77,2,35,8,16,12,10,13
3g0k_1_clean_output_list.txt,14,88,32,16,6,24,2,20,2
6lnp_1_clean_output_list.txt,12,72,11,16,4,30,1,11,11
1m6b_2_clean_output_list.txt,21,135,37,45,6,33,8,16,11
1pxv_1_clean_output_list.txt,17,65,3,16,2,13,16,30,2
3dih_2_clean_output_list.txt,7,52,21,11,3,11,0,7,6
4a64_5_clean_output_list.txt,7,99,25,37,2,20,5,17,0
2ph1_1_clean_output_list.txt,6,44,19,7,3,4,0,15,2
1b78_1_clean_output_list.txt,9,66,31,10,2,15,2,7,8
3msq_6_clean_output_list.txt,8,74,45,4,0,12,0,20,1
4dvh_1_clean_output_list.txt,5,62,9,16,2,10,8,16,6
3erj_1_clean_output_list.txt,8,73,40,11,6,8,2,2,12
2pf4_5_clean_output_list.txt,19,94,21,57,8,13,14,0,0
1syq_8_clean_output_list.txt,5,77,6,24,13,12,12,1,14
3ehc_1_clean_output_list.txt,11,71,27,34,2,12,3,4,0
3gw2_1_clean_output_list.txt,10,98,60,10,7,9,3,3,16
4knh_1_clean_output_list.txt,14,112,30,49,8,23,9,5,2
5nfo_5_clean_output_list.txt,26,97,36,22,19,6,4,25,11
5zln_1_clean_output_list.txt,11,132,33,52,8,17,5,7,21
1ye5_1_clean_output_list.txt,5,92,55,25,2,10,5,0,0
1qkd_1_clean_output_list.txt,6,23,0,11,0,9,3,6,0
4bkm_1_clean_output_list.txt,12,121,61,34,1,25,1,4,7
4ph6_1_clean_output_list.txt,2,70,39,2,0,18,0,13,0
3nrd_1_clean_output_list.txt,17,94,32,17,8,20,10,7,17
3w64_1_clean_output_list.txt,1,38,11,10,2,9,3,4,0
4hd0_5_clean_output_list.txt,11,55,3,32,9,0,4,0,18
4eib_6_clean_output_list.txt,12,117,43,40,3,4,6,25,8
4tse_1_clean_output_list.txt,8,97,12,30,1,21,0,13,28
5dyk_2_clean_output_list.txt,15,98,30,44,11,10,9,9,0
3toe_1_clean_output_list.txt,5,60,25,22,0,9,0,5,4
3bdl_3_clean_output_list.txt,41,338,115,92,56,21,24,45,26
2ofj_1_clean_output_list.txt,7,66,4,33,6,18,6,5,1
2pzz_1_clean_output_list.txt,11,43,4,17,8,10,6,7,2
2qc7_2_clean_output_list.txt,10,80,28,12,24,8,6,8,4
3ift_2_clean_output_list.txt,4,75,14,4,15,8,4,31,3
2fco_1_clean_output_list.txt,11,76,17,9,8,19,1,14,19
5abr_1_clean_output_list.txt,6,42,21,0,0,12,0,9,6
3l9n_5_clean_output_list.txt,27,77,8,27,21,8,6,29,5
6g16_10_clean_output_list.txt,25,150,31,50,10,16,24,16,28
2ycj_1_clean_output_list.txt,3,127,79,8,10,10,0,20,3
1xi3_1_clean_output_list.txt,5,54,16,26,4,2,8,1,2
1oya_1_clean_output_list.txt,7,64,29,4,11,2,0,13,12
6kc6_7_clean_output_list.txt,9,51,0,26,2,2,9,2,19
1to0_3_clean_output_list.txt,13,64,25,28,4,5,4,9,2
5l40_2_clean_output_list.txt,10,80,14,31,4,18,4,0,19
4l3q_1_clean_output_list.txt,14,63,4,28,12,8,20,2,3
3pim_1_clean_output_list.txt,15,108,23,30,4,23,6,20,17
5eo6_1_clean_output_list.txt,11,101,42,33,2,16,8,9,2
3gz1_1_clean_output_list.txt,7,105,49,24,2,16,2,13,6
4tmb_2_clean_output_list.txt,12,66,25,14,2,5,4,5,23
3fb3_1_clean_output_list.txt,28,196,58,72,17,36,15,8,18
5l6q_1_clean_output_list.txt,7,46,17,2,0,14,4,12,4
2znh_1_clean_output_list.txt,41,479,189,98,11,126,27,20,49
1fe0_1_clean_output_list.txt,8,39,0,13,7,4,2,7,14
6dkk_6_clean_output_list.txt,19,115,34,34,5,37,2,4,18
5hiz_1_clean_output_list.txt,6,36,10,6,0,3,0,1,22
1e6c_1_clean_output_list.txt,2,111,47,32,0,22,0,2,10
1to4_1_clean_output_list.txt,7,56,15,18,0,11,2,0,17
3keb_1_clean_output_list.txt,4,87,12,35,5,11,5,18,5
6aeg_3_clean_output_list.txt,21,33,2,24,9,0,10,0,9
1mvh_1_clean_output_list.txt,17,85,30,30,7,18,6,7,4
1f1c_1_clean_output_list.txt,0,52,13,17,0,16,2,4,0
1mqd_4_clean_output_list.txt,6,60,15,23,12,4,2,8,2
3dex_1_clean_output_list.txt,5,60,22,21,2,13,5,1,1
4ljk_2_clean_output_list.txt,4,48,18,16,1,10,2,5,0
4kv9_1_clean_output_list.txt,6,70,12,28,2,12,4,11,7
4lza_1_clean_output_list.txt,13,120,51,37,9,8,6,4,18
3c8x_2_clean_output_list.txt,23,114,38,36,6,36,2,11,8
2tpt_1_clean_output_list.txt,2,72,28,10,9,4,0,16,7
3pbb_5_clean_output_list.txt,20,95,16,35,3,16,2,20,23
2xer_3_clean_output_list.txt,15,107,32,46,3,19,6,16,0
5mz4_7_clean_output_list.txt,14,108,30,24,7,12,4,23,22
6ii0_6_clean_output_list.txt,33,267,95,99,9,46,19,20,12
1ktn_1_clean_output_list.txt,6,37,21,11,2,2,7,0,0
5ie7_1_clean_output_list.txt,3,55,18,10,0,22,0,4,4
5p21_1_clean_output_list.txt,5,62,3,28,13,6,4,6,7
3a1d_5_clean_output_list.txt,16,67,26,38,9,0,8,1,1
1qex_6_clean_output_list.txt,20,75,18,26,4,31,6,6,4
1mi8_1_clean_output_list.txt,5,49,21,10,3,6,6,8,0
5wme_4_clean_output_list.txt,5,85,46,18,3,11,4,6,2
4ckl_2_clean_output_list.txt,6,80,39,4,19,2,6,4,12
1kcm_6_clean_output_list.txt,18,96,49,28,2,10,6,9,10
2zzt_1_clean_output_list.txt,2,36,11,8,2,4,2,5,6
3kza_1_clean_output_list.txt,3,39,7,14,6,8,2,5,0
3lv9_1_clean_output_list.txt,9,43,19,16,6,5,4,1,1
5xfl_2_clean_output_list.txt,17,75,10,41,5,6,23,7,0
6qq2_2_clean_output_list.txt,20,57,12,18,17,12,9,2,7
4zmy_1_clean_output_list.txt,4,39,22,6,6,2,3,4,0
1ors_10_clean_output_list.txt,0,69,55,4,5,2,0,2,1
5xwz_2_clean_output_list.txt,1,52,16,4,1,19,0,6,7
1bww_1_clean_output_list.txt,9,50,29,4,0,10,0,8,8
4oie_1_clean_output_list.txt,11,57,7,6,7,20,0,18,10
3eus_1_clean_output_list.txt,1,72,40,14,3,8,7,1,0
1v4v_1_clean_output_list.txt,7,102,68,14,4,6,8,0,9
3jv5_2_clean_output_list.txt,5,47,14,15,6,3,8,6,0
3p4y_1_clean_output_list.txt,18,100,33,32,9,6,18,4,16
3nc1_5_clean_output_list.txt,14,67,13,21,7,14,6,15,5
3l0z_5_clean_output_list.txt,0,3,0,2,1,0,0,0,0
3egj_2_clean_output_list.txt,11,80,32,25,6,6,5,0,17
1jr9_1_clean_output_list.txt,8,53,23,2,8,4,0,20,4
6gc9_1_clean_output_list.txt,9,81,27,17,1,28,0,8,9
5hs8_1_clean_output_list.txt,9,69,49,10,7,2,2,8,0
6w25_2_clean_output_list.txt,16,116,22,50,4,34,2,10,10
1h1y_1_clean_output_list.txt,9,87,40,6,1,25,4,12,8
2idl_1_clean_output_list.txt,9,56,16,12,1,21,0,12,3
6fhm_1_clean_output_list.txt,49,302,94,95,12,66,13,38,33
3f4k_1_clean_output_list.txt,1,58,22,16,4,10,0,7,0
4jc8_1_clean_output_list.txt,15,84,25,33,8,9,9,10,5
6otn_2_clean_output_list.txt,11,50,1,24,11,4,21,0,0
4yiw_1_clean_output_list.txt,1,68,27,18,3,6,9,2,4
4lft_1_clean_output_list.txt,11,41,2,19,3,21,2,1,4
1rz6_2_clean_output_list.txt,9,83,45,10,8,9,2,11,7
3qxu_2_clean_output_list.txt,6,39,8,14,1,7,3,6,6
3h7l_3_clean_output_list.txt,3,33,3,16,2,7,3,5,0
3r03_1_clean_output_list.txt,6,67,46,5,0,9,2,6,5
2ze3_1_clean_output_list.txt,16,222,123,21,16,39,7,9,23
2xeq_5_clean_output_list.txt,7,54,13,26,5,3,4,10,0
5hqw_1_clean_output_list.txt,13,35,13,0,0,17,0,14,4
6jj4_4_clean_output_list.txt,20,97,16,40,8,16,16,17,4
4low_1_clean_output_list.txt,6,46,11,6,2,9,4,14,6
1k46_1_clean_output_list.txt,16,209,49,44,12,46,10,33,31
1obb_1_clean_output_list.txt,8,100,15,57,9,0,25,2,0
3tqu_2_clean_output_list.txt,6,71,21,19,1,24,2,8,2
3bjr_1_clean_output_list.txt,6,74,32,14,3,14,6,11,0
5svg_1_clean_output_list.txt,10,100,35,29,3,26,5,8,4
6ucm_16_clean_output_list.txt,7,71,13,37,8,10,6,4,0
5hpj_1_clean_output_list.txt,10,63,15,20,10,8,0,9,11
4oky_1_clean_output_list.txt,2,53,14,4,7,2,2,26,0
6fb3_1_clean_output_list.txt,9,66,19,32,3,8,6,3,4
2dsj_1_clean_output_list.txt,5,70,26,24,1,12,5,7,0
1r5q_2_clean_output_list.txt,2,64,29,20,3,8,2,4,0
4rct_1_clean_output_list.txt,19,137,44,35,10,33,5,14,15
4yh6_1_clean_output_list.txt,35,124,26,60,8,30,5,12,18
2f9q_3_clean_output_list.txt,6,92,61,22,0,11,0,0,4
1mft_1_clean_output_list.txt,7,80,44,24,4,6,6,3,0
3i83_1_clean_output_list.txt,4,74,25,14,0,24,4,5,6
3ltv_1_clean_output_list.txt,5,54,10,10,0,12,1,6,20
2vj4_7_clean_output_list.txt,13,56,29,12,3,7,4,6,8
2b7l_1_clean_output_list.txt,4,48,24,8,1,6,3,9,1
1xub_1_clean_output_list.txt,6,42,1,21,2,11,3,4,6
3hm7_2_clean_output_list.txt,12,58,15,19,14,6,15,1,0
6wrh_3_clean_output_list.txt,23,93,21,54,11,6,8,8,8
4chl_1_clean_output_list.txt,6,68,14,23,4,11,6,5,11
6j09_4_clean_output_list.txt,26,83,22,41,4,14,14,2,12
5y9h_4_clean_output_list.txt,25,79,9,28,2,23,0,22,20
4nld_3_clean_output_list.txt,13,88,18,32,13,6,6,12,14
1qpg_1_clean_output_list.txt,14,69,13,22,8,9,12,9,10
1pcz_1_clean_output_list.txt,22,140,49,45,4,27,10,12,15
3o63_1_clean_output_list.txt,11,62,24,28,13,0,8,0,0
4pz9_1_clean_output_list.txt,9,66,28,15,4,12,5,0,11
3uf5_1_clean_output_list.txt,11,66,14,22,0,20,8,13,0
5zmd_1_clean_output_list.txt,18,58,6,35,9,13,3,4,6
5t9f_1_clean_output_list.txt,7,14,1,11,1,4,3,1,0
3pf9_1_clean_output_list.txt,13,75,24,12,21,6,6,12,7
3clv_1_clean_output_list.txt,15,40,23,8,11,0,2,9,2
1nft_2_clean_output_list.txt,13,68,14,20,6,18,6,11,6
1psq_1_clean_output_list.txt,2,69,30,15,1,14,6,5,0
2pcj_1_clean_output_list.txt,3,38,12,10,3,3,3,6,4
3jw0_13_clean_output_list.txt,30,46,5,32,10,6,4,12,7
5afb_5_clean_output_list.txt,25,99,10,40,16,16,12,23,7
2nvn_1_clean_output_list.txt,12,68,29,10,29,0,6,5,1
3prb_7_clean_output_list.txt,16,89,8,31,6,23,6,11,20
4qhj_1_clean_output_list.txt,9,66,32,17,4,15,4,3,0
1ukg_1_clean_output_list.txt,10,47,10,18,2,16,2,5,4
1cp2_1_clean_output_list.txt,13,86,21,27,3,10,4,3,31
2p22_22_clean_output_list.txt,12,83,35,36,8,6,0,10,0
1v4t_4_clean_output_list.txt,9,68,15,4,11,27,2,16,2
1qxh_1_clean_output_list.txt,4,64,32,18,3,6,2,0,7
1yv9_1_clean_output_list.txt,16,58,14,16,7,16,4,4,13
1pp3_2_clean_output_list.txt,14,85,14,33,2,14,1,16,19
6dkk_1_clean_output_list.txt,26,200,105,49,5,35,4,13,15
1ha4_1_clean_output_list.txt,10,35,13,12,3,6,2,3,6
3k8v_9_clean_output_list.txt,9,77,31,24,3,21,1,4,2
3p0c_3_clean_output_list.txt,0,1,0,1,0,0,0,0,0
4pyz_1_clean_output_list.txt,15,56,4,18,9,5,8,6,21
2j8m_1_clean_output_list.txt,15,124,36,33,2,29,4,9,26
6g88_1_clean_output_list.txt,36,140,7,90,12,19,15,18,15
2hku_1_clean_output_list.txt,15,110,30,25,4,37,4,14,11
3k6k_2_clean_output_list.txt,7,69,19,24,2,9,3,1,18
3gor_1_clean_output_list.txt,9,69,11,25,3,16,2,11,10
1qq7_1_clean_output_list.txt,18,160,74,44,5,27,4,8,16
3dyd_1_clean_output_list.txt,13,192,55,54,1,48,5,13,29
3h2d_1_clean_output_list.txt,13,77,16,18,0,16,6,13,21
5mqh_4_clean_output_list.txt,37,141,48,10,48,14,16,32,10
2z7c_2_clean_output_list.txt,3,68,24,22,3,7,2,5,8
5ajn_3_clean_output_list.txt,17,92,21,16,1,14,2,26,29
5c9v_3_clean_output_list.txt,22,83,15,23,8,22,6,10,21
6o9q_5_clean_output_list.txt,14,74,5,36,17,6,12,11,1
2b5a_1_clean_output_list.txt,5,65,26,20,1,16,2,5,0
4gvl_7_clean_output_list.txt,33,97,16,41,12,24,10,8,19
2ovi_2_clean_output_list.txt,10,78,30,17,0,18,6,3,14
3rjs_1_clean_output_list.txt,8,84,27,18,3,8,0,20,16
5uos_1_clean_output_list.txt,11,66,18,25,6,16,2,8,2
4ofd_1_clean_output_list.txt,10,43,14,7,2,14,4,0,12
5eq9_1_clean_output_list.txt,12,101,17,42,3,20,3,15,13
4p52_2_clean_output_list.txt,13,79,33,21,11,14,1,11,1
3tqj_1_clean_output_list.txt,7,58,12,14,2,11,6,14,6
2hng_1_clean_output_list.txt,5,49,27,12,4,4,0,7,0
3tbo_1_clean_output_list.txt,4,74,37,10,7,6,0,12,6
4j9a_11_clean_output_list.txt,2,58,32,12,2,8,1,5,0
2yy9_1_clean_output_list.txt,7,72,23,6,1,21,4,22,2
3mxo_2_clean_output_list.txt,3,60,22,22,6,0,2,4,7
2ozv_1_clean_output_list.txt,3,64,33,15,3,10,2,0,4
4ray_1_clean_output_list.txt,6,123,51,21,2,25,6,5,19
5eqf_7_clean_output_list.txt,26,59,2,26,27,2,18,3,7
5f5m_14_clean_output_list.txt,11,70,8,42,6,4,2,2,17
1t1l_1_clean_output_list.txt,13,74,42,25,4,1,2,10,3
3tzu_1_clean_output_list.txt,9,39,6,18,2,8,6,3,5
2c2x_1_clean_output_list.txt,17,109,28,24,7,22,3,22,20
3pfy_4_clean_output_list.txt,17,64,14,8,1,14,4,35,5
1vpl_1_clean_output_list.txt,10,42,5,14,13,12,6,2,0
5ckn_1_clean_output_list.txt,10,79,9,31,4,11,16,6,12
6bb8_2_clean_output_list.txt,27,182,50,54,6,58,6,23,12
4o7v_1_clean_output_list.txt,9,89,53,8,13,16,4,4,0
2rax_22_clean_output_list.txt,6,55,33,23,3,0,2,0,0
3wud_1_clean_output_list.txt,4,39,27,0,3,2,0,8,3
4u66_5_clean_output_list.txt,6,87,33,13,0,4,0,37,6
3vnf_2_clean_output_list.txt,9,69,27,17,10,8,2,6,8
3hyq_2_clean_output_list.txt,2,59,26,6,5,10,0,10,4
2cw2_1_clean_output_list.txt,6,58,11,18,3,5,8,13,6
3u5v_1_clean_output_list.txt,9,76,49,16,9,8,2,1,0
1uvz_3_clean_output_list.txt,8,31,15,7,1,10,0,4,2
3aux_2_clean_output_list.txt,16,106,51,42,11,2,10,2,4
5v01_1_clean_output_list.txt,12,75,19,13,2,23,1,10,19
1z9p_1_clean_output_list.txt,3,53,27,9,0,10,0,6,4
5xwe_1_clean_output_list.txt,13,32,6,12,1,8,0,18,0
3ppl_1_clean_output_list.txt,40,164,52,60,5,28,10,11,38
3hq2_1_clean_output_list.txt,21,109,18,47,6,4,22,8,25
3ut0_7_clean_output_list.txt,11,63,9,22,9,8,6,10,10
3lxy_1_clean_output_list.txt,12,102,51,20,7,17,6,9,4
3ijl_2_clean_output_list.txt,17,50,10,25,3,10,6,7,6
3lhr_1_clean_output_list.txt,4,114,54,31,4,12,11,0,6
3o0m_1_clean_output_list.txt,15,100,49,10,17,10,2,16,11
4pob_1_clean_output_list.txt,4,41,14,9,1,11,0,6,4
1ohq_1_clean_output_list.txt,4,67,33,11,2,9,0,3,13
4czm_5_clean_output_list.txt,13,87,10,31,14,8,14,2,21
2pfi_1_clean_output_list.txt,7,59,18,12,2,19,2,8,5
3smd_2_clean_output_list.txt,13,81,48,8,9,6,2,2,19
1ecx_1_clean_output_list.txt,4,35,3,13,0,8,1,5,9
1xso_1_clean_output_list.txt,7,55,13,10,0,14,1,4,20
2q8r_2_clean_output_list.txt,9,64,14,5,1,25,0,24,4
4o67_1_clean_output_list.txt,8,22,2,14,3,3,5,0,3
1cdt_1_clean_output_list.txt,5,37,4,9,0,8,0,21,0
5gkx_4_clean_output_list.txt,16,135,54,46,6,14,9,0,22
4wt0_1_clean_output_list.txt,5,32,10,4,1,10,0,4,8
2yvu_1_clean_output_list.txt,14,66,20,28,6,10,10,2,4
1ii2_1_clean_output_list.txt,3,46,15,10,0,14,2,2,6
4dmz_1_clean_output_list.txt,10,87,9,21,3,25,5,22,12
3wkl_2_clean_output_list.txt,11,78,16,20,8,9,8,6,22
6pqn_5_clean_output_list.txt,18,139,25,37,8,41,5,38,3
5z0y_1_clean_output_list.txt,2,39,24,0,10,0,2,5,0
3f14_1_clean_output_list.txt,6,58,27,6,1,8,0,16,6
5an1_5_clean_output_list.txt,11,77,25,29,2,16,7,9,0
2zxy_1_clean_output_list.txt,0,36,7,2,1,8,0,11,7
3pm7_1_clean_output_list.txt,10,73,25,34,3,13,2,1,5
5ca9_6_clean_output_list.txt,22,64,12,38,4,24,4,0,4
1n0v_2_clean_output_list.txt,29,114,8,50,17,13,18,9,28
5ncs_1_clean_output_list.txt,9,115,31,29,4,35,2,18,5
4kgb_1_clean_output_list.txt,33,175,71,32,9,25,14,6,51
5lc1_5_clean_output_list.txt,11,83,44,15,4,15,9,5,2
4ppy_1_clean_output_list.txt,7,70,16,29,5,8,11,2,6
3nzr_2_clean_output_list.txt,10,66,26,23,2,17,0,6,2
5gus_1_clean_output_list.txt,15,61,4,36,8,7,6,5,10
4pel_7_clean_output_list.txt,22,82,2,44,12,13,7,10,16
4x0r_1_clean_output_list.txt,11,58,25,22,4,9,6,3,0
5igh_2_clean_output_list.txt,14,182,40,50,3,45,0,30,28
3r6m_1_clean_output_list.txt,4,70,13,17,2,10,6,3,23
4mkq_1_clean_output_list.txt,11,77,17,34,12,10,4,3,8
3eoq_1_clean_output_list.txt,12,68,10,25,6,20,7,1,11
3c5q_1_clean_output_list.txt,2,11,0,8,4,0,1,0,0
1rp5_3_clean_output_list.txt,29,115,19,51,17,8,4,39,6
6r80_2_clean_output_list.txt,14,120,49,12,1,32,4,36,0
2jkr_34_clean_output_list.txt,18,90,6,32,19,12,12,27,0
5fn0_6_clean_output_list.txt,19,85,6,40,8,19,10,15,6
3o51_5_clean_output_list.txt,6,108,45,44,7,8,6,4,0
6jod_12_clean_output_list.txt,21,57,8,14,16,6,0,31,3
1y7h_2_clean_output_list.txt,7,61,19,26,0,8,2,5,8
4exn_1_clean_output_list.txt,3,44,27,4,0,8,0,4,4
3bjv_1_clean_output_list.txt,16,63,36,8,6,2,2,22,3
4mei_1_clean_output_list.txt,6,49,32,8,5,3,0,7,0
5mat_1_clean_output_list.txt,7,68,9,19,8,17,10,6,6
2rcv_2_clean_output_list.txt,8,52,10,12,1,14,4,13,6
1q98_1_clean_output_list.txt,3,70,34,18,2,9,2,1,7
6fju_1_clean_output_list.txt,4,88,52,21,1,11,1,2,4
5lx8_1_clean_output_list.txt,21,127,9,50,8,28,0,28,25
3ees_1_clean_output_list.txt,15,66,31,18,0,10,3,7,12
4kcx_1_clean_output_list.txt,10,44,22,10,1,10,2,9,0
4ttw_1_clean_output_list.txt,9,45,9,10,5,12,2,12,4
1taq_5_clean_output_list.txt,28,109,22,44,17,13,17,2,22
3wnk_2_clean_output_list.txt,10,121,6,21,6,30,8,46,14
3zc9_1_clean_output_list.txt,6,61,33,6,3,6,0,15,4
1okj_1_clean_output_list.txt,11,78,15,21,5,16,4,8,20
2j8w_1_clean_output_list.txt,5,47,16,14,0,8,0,14,0
2zhg_1_clean_output_list.txt,5,111,40,34,20,10,5,2,5
1bjt_1_clean_output_list.txt,10,131,56,24,27,10,2,18,4
4wlm_2_clean_output_list.txt,13,82,10,20,5,20,2,21,17
5xpu_3_clean_output_list.txt,17,226,107,52,5,52,12,15,0
1lws_4_clean_output_list.txt,16,79,7,48,4,15,14,3,4
5xbi_1_clean_output_list.txt,13,81,13,19,0,24,2,16,20
2hb0_1_clean_output_list.txt,21,74,3,29,4,22,4,20,13
3kph_1_clean_output_list.txt,35,227,89,91,14,18,16,4,30
5y9h_6_clean_output_list.txt,20,110,6,41,5,28,6,34,10
4dez_3_clean_output_list.txt,16,77,9,44,8,4,10,2,16
3uit_14_clean_output_list.txt,22,57,6,36,1,17,6,9,4
3nyl_3_clean_output_list.txt,13,79,16,26,13,10,18,9,0
2eo0_1_clean_output_list.txt,0,2,0,1,0,0,0,1,0
4d9o_1_clean_output_list.txt,9,77,23,37,3,12,2,1,8
1eeq_1_clean_output_list.txt,11,50,21,9,0,10,2,13,6
5j6o_1_clean_output_list.txt,11,43,18,1,5,4,0,22,4
6k4p_3_clean_output_list.txt,2,12,1,4,5,2,2,0,0
1v2a_1_clean_output_list.txt,16,89,27,25,4,30,6,10,3
1zy2_1_clean_output_list.txt,3,33,16,10,1,4,3,0,2
5wyg_1_clean_output_list.txt,4,84,36,29,1,10,2,0,10
2ymz_2_clean_output_list.txt,9,47,20,20,3,10,2,1,0
3lf7_2_clean_output_list.txt,12,56,20,22,10,0,0,10,6
1ibd_1_clean_output_list.txt,6,52,32,5,4,10,0,6,1
5eyo_2_clean_output_list.txt,7,104,47,22,7,8,0,27,0
3pu7_1_clean_output_list.txt,4,59,12,13,0,14,0,4,20
1jog_2_clean_output_list.txt,17,73,20,16,3,33,2,11,5
3l18_1_clean_output_list.txt,3,54,17,18,1,4,6,7,4
1hsj_1_clean_output_list.txt,26,130,47,44,9,30,13,13,0
6mac_5_clean_output_list.txt,6,82,21,30,3,24,7,3,0
3c1q_1_clean_output_list.txt,20,46,3,29,5,15,1,13,0
5wly_5_clean_output_list.txt,11,100,46,28,8,10,6,1,12
4fbi_1_clean_output_list.txt,4,64,36,21,0,8,0,3,0
5yp1_3_clean_output_list.txt,10,114,12,41,9,18,4,22,18
3mux_1_clean_output_list.txt,9,77,32,24,0,12,1,5,12
2oqt_5_clean_output_list.txt,2,58,25,8,2,9,0,16,0
3hy1_5_clean_output_list.txt,31,127,14,67,22,5,15,7,28
4lmf_6_clean_output_list.txt,3,73,38,7,0,13,0,16,2
3da8_1_clean_output_list.txt,0,2,0,1,0,0,1,0,0
5c2x_1_clean_output_list.txt,6,38,21,15,1,0,5,2,0
6ehg_10_clean_output_list.txt,0,5,1,4,0,0,0,0,0
1fp5_1_clean_output_list.txt,6,76,22,23,11,2,2,22,0
4mqb_1_clean_output_list.txt,11,26,0,23,5,2,5,2,0
1aoh_1_clean_output_list.txt,5,55,25,21,4,2,4,0,4
2o7m_6_clean_output_list.txt,2,78,19,24,5,14,4,14,0
5tus_3_clean_output_list.txt,13,94,32,22,3,10,5,17,18
2hk3_1_clean_output_list.txt,2,76,36,13,2,7,6,12,2
3lf6_1_clean_output_list.txt,11,86,26,15,0,33,4,6,13
3l9z_1_clean_output_list.txt,6,78,39,12,2,8,0,16,7
3g17_2_clean_output_list.txt,2,77,21,20,1,17,2,10,8
1my7_1_clean_output_list.txt,10,47,14,18,4,8,8,5,0
3ihl_5_clean_output_list.txt,28,136,67,38,5,32,0,10,12
3ded_1_clean_output_list.txt,15,38,10,14,15,4,8,2,0
1ybz_2_clean_output_list.txt,4,128,71,26,19,4,8,4,0
4dj2_1_clean_output_list.txt,10,71,28,15,4,9,0,6,19
3pnd_8_clean_output_list.txt,18,114,16,70,6,10,11,11,8
3zyl_1_clean_output_list.txt,7,72,40,14,6,8,6,5,0
3rt2_2_clean_output_list.txt,5,72,17,15,9,10,4,10,12
3ego_1_clean_output_list.txt,1,5,4,0,0,2,0,0,0
5f74_2_clean_output_list.txt,27,58,9,36,10,14,4,10,2
3lmn_8_clean_output_list.txt,17,94,25,24,16,18,12,12,4
1bjj_9_clean_output_list.txt,9,19,3,10,4,2,0,4,5
4hf7_1_clean_output_list.txt,3,54,25,12,13,5,0,1,1
3zig_1_clean_output_list.txt,12,62,33,20,5,2,2,6,6
4rxj_2_clean_output_list.txt,9,106,51,28,3,10,6,5,12
2ac1_3_clean_output_list.txt,28,95,13,40,10,22,6,16,16
4w8j_6_clean_output_list.txt,30,199,25,68,6,40,4,42,44
2nub_6_clean_output_list.txt,21,73,16,41,12,2,12,3,8
3do5_1_clean_output_list.txt,15,112,60,18,23,4,2,15,5
3hru_1_clean_output_list.txt,4,54,25,9,2,11,4,3,4
5z70_2_clean_output_list.txt,5,55,32,12,7,2,0,7,0
3hie_3_clean_output_list.txt,14,140,60,41,4,34,2,10,3
1bws_1_clean_output_list.txt,4,40,5,23,1,6,1,4,4
3svk_1_clean_output_list.txt,17,74,19,30,1,12,2,9,18
1vok_6_clean_output_list.txt,6,78,18,12,25,6,6,13,4
6ewi_3_clean_output_list.txt,10,94,16,25,6,33,4,9,11
2dwy_6_clean_output_list.txt,6,126,45,31,2,38,2,12,2
5l7n_1_clean_output_list.txt,7,63,16,26,7,6,11,2,2
2pmr_1_clean_output_list.txt,0,77,25,8,7,10,7,12,8
1l7c_5_clean_output_list.txt,14,73,21,33,4,19,1,9,0
4ohc_2_clean_output_list.txt,12,84,33,22,8,8,6,9,10
1m2a_1_clean_output_list.txt,6,50,19,0,0,22,0,7,8
3m5b_1_clean_output_list.txt,3,61,33,6,12,4,2,1,6
3dm8_1_clean_output_list.txt,9,71,43,14,6,10,0,6,1
3sno_1_clean_output_list.txt,3,43,35,2,2,4,0,3,0
6jol_2_clean_output_list.txt,14,67,21,12,2,14,2,15,15
1rcw_2_clean_output_list.txt,9,62,17,8,21,2,6,15,2
4wph_1_clean_output_list.txt,20,71,9,46,4,21,5,4,2
1kix_3_clean_output_list.txt,42,258,55,87,22,66,22,44,4
6tfq_4_clean_output_list.txt,18,101,21,26,10,36,6,18,2
5crb_1_clean_output_list.txt,17,54,5,15,6,8,10,5,22
5edx_1_clean_output_list.txt,4,71,33,22,0,15,0,5,0
3l5z_1_clean_output_list.txt,12,61,16,16,1,17,7,6,10
1xi1_1_clean_output_list.txt,18,82,19,33,6,8,15,7,12
1rk4_1_clean_output_list.txt,11,84,40,32,1,14,2,4,2
2dql_1_clean_output_list.txt,0,68,35,15,2,14,0,2,0
5k2i_1_clean_output_list.txt,4,40,10,14,1,9,2,6,2
4p3w_1_clean_output_list.txt,8,94,14,31,3,19,13,12,10
2imz_1_clean_output_list.txt,14,44,6,19,5,7,14,6,1
5vm9_1_clean_output_list.txt,15,84,7,49,11,1,13,5,13
4c98_1_clean_output_list.txt,12,67,38,13,15,0,4,6,3
3okt_4_clean_output_list.txt,23,82,4,39,8,11,6,29,8
6hzl_2_clean_output_list.txt,15,102,3,42,19,12,24,8,9
1bgf_1_clean_output_list.txt,9,62,27,14,0,12,12,6,0
3bs3_1_clean_output_list.txt,3,27,18,4,0,2,0,6,0
4nif_2_clean_output_list.txt,16,75,19,28,4,13,4,15,8
5cho_3_clean_output_list.txt,12,192,75,34,9,50,4,14,18
6auj_1_clean_output_list.txt,27,154,70,19,33,2,6,36,15
4eht_1_clean_output_list.txt,1,36,7,15,0,11,0,4,0
2i9z_1_clean_output_list.txt,7,73,42,15,4,13,4,2,0
2qgh_1_clean_output_list.txt,2,11,0,8,4,0,1,0,0
2a67_2_clean_output_list.txt,6,68,8,13,6,16,6,19,6
3ani_1_clean_output_list.txt,10,72,14,16,8,16,10,8,10
2oai_1_clean_output_list.txt,15,47,20,2,25,0,2,4,9
2ws2_1_clean_output_list.txt,5,80,27,21,5,15,8,7,2
1p35_11_clean_output_list.txt,18,53,2,32,6,8,10,9,4
6o8b_4_clean_output_list.txt,10,25,10,10,8,1,5,1,0
1i74_1_clean_output_list.txt,7,61,20,30,2,12,4,0,0
3ml6_3_clean_output_list.txt,24,87,36,44,6,11,5,1,8
5wtx_4_clean_output_list.txt,38,86,14,54,5,16,10,23,2
2wnh_2_clean_output_list.txt,14,85,19,36,10,8,8,15,3
4h6u_1_clean_output_list.txt,25,197,82,61,10,29,7,10,23
3w66_1_clean_output_list.txt,0,37,12,8,4,8,2,3,0
2nsa_5_clean_output_list.txt,9,74,28,22,8,12,6,2,5
3g0f_1_clean_output_list.txt,27,109,41,26,1,32,0,27,9
1u4m_1_clean_output_list.txt,7,65,4,16,0,29,1,22,0
1q7s_3_clean_output_list.txt,4,79,26,16,4,16,2,11,8
3hgv_3_clean_output_list.txt,18,62,0,30,0,15,8,19,8
2j85_1_clean_output_list.txt,3,49,27,6,0,10,0,9,0
3n5c_1_clean_output_list.txt,9,95,29,31,11,14,5,10,4
1gyl_1_clean_output_list.txt,23,95,9,55,7,16,9,8,14
4pbe_1_clean_output_list.txt,5,116,26,41,5,23,9,11,6
4e86_14_clean_output_list.txt,5,31,8,2,1,4,0,17,4
5vm1_5_clean_output_list.txt,0,14,12,1,0,1,0,0,0
3l9e_2_clean_output_list.txt,10,55,11,16,1,12,3,2,20
5gt9_1_clean_output_list.txt,12,123,28,31,3,36,7,22,8
5n69_1_clean_output_list.txt,24,80,10,45,6,13,19,8,3
2ovg_3_clean_output_list.txt,2,53,27,14,5,2,4,2,1
4ju5_1_clean_output_list.txt,8,142,59,36,4,31,7,7,6
1dgk_1_clean_output_list.txt,18,71,5,24,9,20,6,10,15
5vm4_4_clean_output_list.txt,6,48,12,0,2,24,0,6,10
5coa_3_clean_output_list.txt,13,67,13,22,8,22,6,5,4
3b7m_6_clean_output_list.txt,11,71,14,12,1,21,2,28,4
5v38_7_clean_output_list.txt,12,73,11,37,2,15,2,10,8
1dvr_1_clean_output_list.txt,14,88,11,37,11,10,6,4,23
5wqi_2_clean_output_list.txt,5,99,31,39,3,12,10,7,2
6orf_1_clean_output_list.txt,15,66,7,26,6,10,6,13,13
1vic_7_clean_output_list.txt,16,71,21,26,7,12,8,11,2
2rdi_2_clean_output_list.txt,13,70,14,25,12,4,22,1,5
4wzh_4_clean_output_list.txt,18,70,10,22,4,19,2,7,24
2qaz_2_clean_output_list.txt,7,63,44,16,0,4,2,2,2
3ktm_12_clean_output_list.txt,10,108,32,42,5,17,8,8,6
3ro8_19_clean_output_list.txt,5,67,33,6,1,17,2,12,1
3rbg_2_clean_output_list.txt,8,50,23,9,3,8,2,9,4
3lwb_1_clean_output_list.txt,6,66,27,23,7,4,9,0,2
5vsc_1_clean_output_list.txt,15,75,9,37,4,8,2,24,6
2xcr_4_clean_output_list.txt,19,84,19,45,5,7,11,14,2
6mav_7_clean_output_list.txt,13,59,18,14,5,18,0,9,8
5dzm_3_clean_output_list.txt,5,187,88,54,4,23,10,11,2
5ume_2_clean_output_list.txt,13,84,27,24,7,20,8,7,4
5tdq_2_clean_output_list.txt,7,38,11,22,2,2,1,7,0
1gcj_1_clean_output_list.txt,10,99,37,29,7,13,6,10,7
4h6z_1_clean_output_list.txt,13,101,34,34,9,23,5,8,1
4je1_1_clean_output_list.txt,4,68,29,22,3,7,1,0,10
1cx8_2_clean_output_list.txt,44,161,22,100,14,29,16,14,10
3lrq_2_clean_output_list.txt,3,81,31,15,4,18,0,16,0
5i4c_1_clean_output_list.txt,0,35,12,4,2,8,0,3,6
4exq_2_clean_output_list.txt,6,78,37,10,11,4,0,16,6
5onc_1_clean_output_list.txt,4,186,67,13,1,49,0,10,50
3bif_1_clean_output_list.txt,5,24,3,4,7,4,2,9,0
4i6s_9_clean_output_list.txt,8,81,21,24,2,8,4,16,14
3g45_1_clean_output_list.txt,14,63,4,22,9,15,15,12,0
3cb2_1_clean_output_list.txt,15,109,45,24,3,23,6,12,11
3hzu_1_clean_output_list.txt,11,87,24,26,29,0,6,6,7
1tf5_1_clean_output_list.txt,16,63,9,26,13,6,8,7,10
6np6_5_clean_output_list.txt,14,143,58,30,9,44,4,4,8
2j3z_7_clean_output_list.txt,22,89,13,22,5,37,1,30,3
3lza_1_clean_output_list.txt,7,64,23,11,2,13,4,12,6
2f00_1_clean_output_list.txt,3,74,16,39,6,8,6,1,1
1q1e_2_clean_output_list.txt,15,88,31,34,4,6,6,4,18
4a7p_1_clean_output_list.txt,13,177,83,48,17,14,4,10,14
3woi_1_clean_output_list.txt,8,31,6,4,12,0,0,4,13
2b0u_18_clean_output_list.txt,20,69,5,42,10,4,10,8,10
2bej_1_clean_output_list.txt,6,61,16,12,15,2,0,18,4
3cl3_7_clean_output_list.txt,4,65,28,17,2,7,4,8,3
6txq_3_clean_output_list.txt,23,74,10,22,31,6,8,9,11
3q64_1_clean_output_list.txt,11,85,21,18,6,13,4,31,3
1vqu_1_clean_output_list.txt,2,65,23,17,1,18,0,3,5
4knh_4_clean_output_list.txt,16,58,3,36,5,14,4,6,6
4fqu_5_clean_output_list.txt,8,50,1,27,8,5,4,2,11
4hj1_6_clean_output_list.txt,18,113,21,31,3,24,3,8,41
4gtw_1_clean_output_list.txt,31,132,2,69,24,11,23,26,8
1a7g_1_clean_output_list.txt,6,72,17,4,0,24,0,28,5
3crj_1_clean_output_list.txt,10,117,23,41,4,19,12,20,8
3r8k_1_clean_output_list.txt,7,105,37,33,8,14,2,5,13
4pfe_1_clean_output_list.txt,17,108,13,38,3,13,12,21,25
2v5n_1_clean_output_list.txt,9,68,9,34,3,8,0,17,6
2cd0_1_clean_output_list.txt,6,64,12,2,0,18,0,31,7
5m7q_3_clean_output_list.txt,7,52,7,8,0,9,0,8,27
3d8u_1_clean_output_list.txt,8,86,39,11,1,12,2,21,8
1t1e_2_clean_output_list.txt,37,176,14,90,14,24,22,13,36
2xiq_1_clean_output_list.txt,27,88,6,37,14,18,21,4,15
1sfr_4_clean_output_list.txt,2,59,23,15,0,8,1,2,12
3fh0_1_clean_output_list.txt,4,20,0,11,4,0,9,0,0
1t3w_1_clean_output_list.txt,9,98,50,21,2,24,2,8,0
4epl_2_clean_output_list.txt,9,82,10,24,8,16,6,23,4
3uqz_1_clean_output_list.txt,6,54,15,13,0,18,0,9,5
6jtz_1_clean_output_list.txt,19,114,41,29,6,25,7,13,12
4le0_1_clean_output_list.txt,9,65,26,20,2,15,0,7,4
5ho9_4_clean_output_list.txt,12,73,2,40,7,10,3,13,10
3hx8_2_clean_output_list.txt,18,85,27,36,4,19,8,4,5
4fn9_1_clean_output_list.txt,0,1,0,1,0,0,0,0,0
1zlj_1_clean_output_list.txt,2,37,6,12,1,8,1,4,7
3b7h_1_clean_output_list.txt,2,64,27,8,6,4,4,14,3
6jdu_3_clean_output_list.txt,23,122,18,26,4,32,4,37,24
3g48_2_clean_output_list.txt,5,29,3,10,2,3,4,1,11
5vkt_2_clean_output_list.txt,10,87,43,15,1,10,2,2,24
4zlp_4_clean_output_list.txt,6,89,39,28,9,10,6,1,2
5feg_1_clean_output_list.txt,5,46,10,15,4,6,4,9,3
3kb1_1_clean_output_list.txt,4,46,14,12,0,12,0,12,0
2fhq_1_clean_output_list.txt,5,90,37,14,2,23,2,5,12
4nuq_1_clean_output_list.txt,7,58,33,10,10,7,2,3,0
4qxw_1_clean_output_list.txt,8,77,22,14,3,16,3,11,16
4kvr_2_clean_output_list.txt,2,45,13,6,10,4,8,6,0
6bi7_21_clean_output_list.txt,17,99,15,35,12,24,12,16,2
3q5m_5_clean_output_list.txt,12,84,25,34,9,10,8,10,0
6s1l_5_clean_output_list.txt,22,69,17,20,6,20,16,8,4
6nc7_1_clean_output_list.txt,11,80,4,42,3,11,5,26,0
3ctz_1_clean_output_list.txt,12,118,60,17,15,12,0,20,6
3a44_1_clean_output_list.txt,21,227,89,65,11,11,19,16,37
3ffn_1_clean_output_list.txt,17,75,21,32,3,14,0,6,16
2f1z_5_clean_output_list.txt,8,62,8,26,7,18,0,7,4
2qrr_1_clean_output_list.txt,6,64,20,26,2,11,2,6,3
2ph0_1_clean_output_list.txt,9,85,30,21,0,16,6,8,13
1gyo_1_clean_output_list.txt,3,46,6,7,2,10,2,6,16
4nwc_2_clean_output_list.txt,7,59,16,13,16,0,8,9,4
5fjz_4_clean_output_list.txt,17,72,12,16,2,36,3,18,2
4du5_2_clean_output_list.txt,7,59,10,22,9,9,12,2,2
2f6s_1_clean_output_list.txt,15,61,13,9,7,18,6,10,13
1ixq_2_clean_output_list.txt,7,84,31,6,8,17,0,10,19
2dvn_1_clean_output_list.txt,12,43,8,24,5,6,5,2,5
4rfp_1_clean_output_list.txt,18,46,10,27,7,9,3,1,7
2x2a_1_clean_output_list.txt,12,64,3,20,3,18,4,10,18
3l1w_2_clean_output_list.txt,8,58,18,12,0,8,2,19,7
2q7d_1_clean_output_list.txt,29,122,27,43,6,26,26,9,14
2ppv_1_clean_output_list.txt,6,61,44,2,1,8,0,7,5
4u5k_1_clean_output_list.txt,12,94,17,34,6,26,9,12,2
4rly_3_clean_output_list.txt,16,83,19,18,4,18,0,33,7
3dcj_1_clean_output_list.txt,6,47,8,20,7,5,5,5,3
3eb8_3_clean_output_list.txt,18,110,33,48,5,27,3,9,3
1lyn_1_clean_output_list.txt,5,65,31,23,4,5,1,6,0
3lya_4_clean_output_list.txt,17,73,15,40,3,12,2,18,0
4lir_1_clean_output_list.txt,9,38,8,8,1,8,2,4,16
4i1m_4_clean_output_list.txt,15,85,28,25,3,22,0,18,4
3orr_1_clean_output_list.txt,16,101,25,37,6,12,12,13,12
4czm_1_clean_output_list.txt,9,57,12,27,5,5,9,3,5
4ikm_1_clean_output_list.txt,16,34,1,18,10,6,11,4,0
5hb4_7_clean_output_list.txt,16,58,2,26,8,18,14,2,4
6a16_5_clean_output_list.txt,5,89,45,25,9,3,0,3,9
5yrg_1_clean_output_list.txt,3,54,26,8,0,12,1,4,6
1is3_1_clean_output_list.txt,5,58,31,7,14,4,2,5,0
5yfn_4_clean_output_list.txt,11,79,23,31,3,16,2,10,5
4mmm_5_clean_output_list.txt,6,62,29,13,0,13,2,4,7
6ar4_1_clean_output_list.txt,7,38,14,4,0,7,0,8,12
6eku_2_clean_output_list.txt,24,121,14,43,5,35,6,25,17
4qin_1_clean_output_list.txt,4,102,65,11,6,2,0,13,9
2fca_1_clean_output_list.txt,1,60,15,33,1,6,4,0,2
1fzv_1_clean_output_list.txt,5,99,29,16,2,35,4,8,10
1hq8_1_clean_output_list.txt,13,65,28,8,9,2,0,23,8
4u59_2_clean_output_list.txt,80,277,80,93,69,20,24,48,23
3v0e_5_clean_output_list.txt,13,78,29,30,16,2,10,0,4
3oxp_1_clean_output_list.txt,9,61,15,20,1,16,3,13,2
5oj8_3_clean_output_list.txt,18,97,13,42,4,20,8,17,11
3eul_6_clean_output_list.txt,5,57,14,17,6,12,8,0,5
3nan_2_clean_output_list.txt,5,25,0,17,0,4,6,1,2
5cb2_3_clean_output_list.txt,35,182,33,75,21,30,16,22,20
4nqq_1_clean_output_list.txt,11,52,17,19,3,16,4,2,2
4q9a_1_clean_output_list.txt,8,64,30,13,0,18,0,9,2
2zw2_1_clean_output_list.txt,16,116,47,46,8,12,10,2,7
3cyv_1_clean_output_list.txt,9,86,28,21,6,13,6,16,5
4ccf_7_clean_output_list.txt,20,68,6,40,5,10,5,14,8
5w5i_6_clean_output_list.txt,18,63,16,35,14,8,6,2,0
2fn1_1_clean_output_list.txt,10,53,30,16,1,10,0,5,1
5iqw_2_clean_output_list.txt,8,104,37,4,3,22,0,28,18
3rog_2_clean_output_list.txt,6,43,16,16,8,0,2,3,4
4f7r_11_clean_output_list.txt,12,113,62,17,3,31,2,8,2
1uer_2_clean_output_list.txt,7,56,12,10,1,16,4,14,6
5xwm_1_clean_output_list.txt,13,101,12,37,8,26,6,21,4
6g20_4_clean_output_list.txt,11,95,25,26,8,18,12,5,12
3c6b_1_clean_output_list.txt,11,58,29,4,8,5,2,18,3
2zoz_2_clean_output_list.txt,4,26,8,11,3,4,1,2,1
1hlc_1_clean_output_list.txt,4,37,13,14,2,8,4,0,0
3trc_1_clean_output_list.txt,7,57,20,11,6,7,0,20,0
3ihr_3_clean_output_list.txt,26,94,23,32,22,7,13,23,0
3kga_1_clean_output_list.txt,13,85,11,40,4,20,2,15,6
5zhq_1_clean_output_list.txt,18,107,12,30,16,8,27,13,19
4u9o_3_clean_output_list.txt,13,89,31,18,10,20,4,12,7
5imt_6_clean_output_list.txt,19,81,9,36,10,14,16,11,4
2gd5_1_clean_output_list.txt,16,103,31,40,8,17,14,6,3
4nzq_2_clean_output_list.txt,17,66,19,30,10,7,4,11,2
2oik_2_clean_output_list.txt,15,89,23,30,12,16,10,8,5
5gzu_1_clean_output_list.txt,8,98,14,48,6,17,4,10,7
3bqa_1_clean_output_list.txt,12,85,15,37,9,14,4,10,8
1fcf_6_clean_output_list.txt,11,72,8,37,14,4,10,0,10
1rpa_1_clean_output_list.txt,11,103,57,10,6,14,5,19,3
3n3m_1_clean_output_list.txt,33,178,67,46,3,51,4,24,16
5uqm_2_clean_output_list.txt,22,70,7,24,40,2,4,14,1
4lev_3_clean_output_list.txt,17,64,12,35,14,2,15,1,2
2bm5_1_clean_output_list.txt,7,68,36,9,0,12,0,1,17
1u20_1_clean_output_list.txt,12,120,52,29,2,7,6,8,28
1ivl_1_clean_output_list.txt,9,53,15,8,2,19,0,7,11
3kt3_3_clean_output_list.txt,22,110,7,50,9,23,11,15,17
4ina_1_clean_output_list.txt,1,61,33,5,0,11,0,11,2
3qyj_3_clean_output_list.txt,9,76,29,15,2,19,3,17,0
1fux_1_clean_output_list.txt,8,61,16,12,1,12,0,10,18
1gmz_1_clean_output_list.txt,5,43,30,4,5,4,0,0,5
2d4h_1_clean_output_list.txt,13,51,2,27,3,24,1,6,1
1qto_1_clean_output_list.txt,4,126,73,15,7,6,2,18,9
5cjj_1_clean_output_list.txt,4,40,17,18,0,5,2,0,2
1eqw_2_clean_output_list.txt,1,56,40,7,0,3,0,4,3
1np6_1_clean_output_list.txt,16,193,61,69,5,32,11,21,10
2i45_4_clean_output_list.txt,6,71,28,25,0,10,2,2,10
6d3l_1_clean_output_list.txt,12,87,8,42,5,24,6,14,0
1o6d_2_clean_output_list.txt,17,83,37,12,17,6,5,20,3
1e7n_1_clean_output_list.txt,12,61,14,18,4,6,9,10,12
4qds_1_clean_output_list.txt,8,63,25,7,1,31,0,6,1
4u04_1_clean_output_list.txt,13,71,27,24,2,10,4,5,12
4o1r_2_clean_output_list.txt,7,39,23,2,9,4,0,7,1
1xty_2_clean_output_list.txt,9,71,46,12,3,7,0,4,8
2jlp_3_clean_output_list.txt,10,56,11,15,0,11,1,2,26
4i5q_1_clean_output_list.txt,8,74,31,12,0,20,4,7,8
3h1s_1_clean_output_list.txt,6,59,11,13,2,8,6,19,6
2z6f_1_clean_output_list.txt,2,19,9,4,4,0,0,1,3
3khp_2_clean_output_list.txt,10,88,19,34,4,16,13,6,6
3nyo_3_clean_output_list.txt,15,93,5,40,10,6,15,11,21
1iiw_1_clean_output_list.txt,14,75,41,6,7,4,4,26,1
4ldb_4_clean_output_list.txt,13,99,59,10,7,22,0,5,9
4qbo_1_clean_output_list.txt,6,74,37,6,3,14,0,13,7
2egu_3_clean_output_list.txt,13,58,26,6,14,0,2,11,12
2cx4_1_clean_output_list.txt,5,75,34,19,2,16,4,1,4
3ez9_2_clean_output_list.txt,12,156,80,30,28,8,5,15,2
1ijy_1_clean_output_list.txt,11,42,18,13,2,2,4,5,9
6azh_1_clean_output_list.txt,33,180,54,50,9,29,11,31,29
1qvt_19_clean_output_list.txt,2,30,5,12,2,0,2,3,8
6b5q_7_clean_output_list.txt,14,60,10,15,18,12,2,13,4
4z8x_8_clean_output_list.txt,32,72,28,41,13,6,4,0,12
3kcn_1_clean_output_list.txt,9,31,9,13,1,11,3,1,2
5h0i_1_clean_output_list.txt,23,36,5,28,3,0,6,4,13
3u80_1_clean_output_list.txt,4,50,17,4,1,12,1,9,10
3lfi_1_clean_output_list.txt,13,56,11,36,2,8,0,4,8
5mus_1_clean_output_list.txt,35,193,29,80,13,30,40,10,26
4re8_3_clean_output_list.txt,0,41,23,5,0,8,0,5,0
5c04_1_clean_output_list.txt,3,51,27,2,0,16,0,3,6
4fzp_1_clean_output_list.txt,1,73,19,18,1,14,4,5,13
1qhq_3_clean_output_list.txt,5,46,21,4,2,11,0,2,11
3nj2_1_clean_output_list.txt,5,54,28,19,3,4,1,0,4
1rkr_5_clean_output_list.txt,6,41,30,0,1,2,0,5,9
5y5w_3_clean_output_list.txt,11,84,26,22,2,14,7,18,6
1kut_1_clean_output_list.txt,8,60,22,18,6,8,6,3,5
6epp_2_clean_output_list.txt,24,84,7,54,11,12,6,10,8
1pd5_26_clean_output_list.txt,18,69,7,29,9,8,8,15,11
2iut_6_clean_output_list.txt,10,66,11,39,6,6,14,0,0
5jrh_1_clean_output_list.txt,24,65,4,31,9,10,13,12,10
3tn4_1_clean_output_list.txt,7,130,37,39,3,12,10,3,33
4jdl_2_clean_output_list.txt,10,30,9,4,8,4,0,15,0
4fr2_1_clean_output_list.txt,21,97,62,14,6,14,3,13,6
2e2c_1_clean_output_list.txt,6,39,18,6,6,0,0,7,8
4nnz_2_clean_output_list.txt,10,69,20,26,7,8,8,2,8
1xrc_5_clean_output_list.txt,11,49,13,18,10,4,6,0,9
4lrw_1_clean_output_list.txt,6,28,0,12,3,6,7,5,1
2qsq_1_clean_output_list.txt,6,70,19,13,3,18,0,11,12
1som_1_clean_output_list.txt,10,45,1,25,3,8,9,3,6
1slb_2_clean_output_list.txt,6,45,17,9,0,15,5,3,2
1rfy_1_clean_output_list.txt,6,80,36,4,9,18,0,11,8
3pl2_2_clean_output_list.txt,7,78,37,25,3,6,4,3,7
2xeq_1_clean_output_list.txt,11,61,6,29,6,15,4,12,0
1ovn_1_clean_output_list.txt,7,55,4,22,8,14,3,5,6
3obh_1_clean_output_list.txt,5,57,30,18,1,4,2,2,5
2w7w_1_clean_output_list.txt,8,60,11,17,2,8,6,18,6
6nfl_3_clean_output_list.txt,6,50,20,16,8,3,6,3,0
3grl_1_clean_output_list.txt,7,120,29,21,1,32,0,28,16
1fdj_11_clean_output_list.txt,15,76,12,30,12,6,2,27,2
3rt0_1_clean_output_list.txt,23,89,15,49,12,8,21,5,2
5yij_5_clean_output_list.txt,2,13,2,6,3,0,2,2,0
1xsv_1_clean_output_list.txt,5,63,30,19,3,9,7,0,0
3lag_1_clean_output_list.txt,13,50,28,5,4,10,8,2,6
4e69_2_clean_output_list.txt,5,74,15,14,0,22,0,15,13
3e8s_1_clean_output_list.txt,2,57,37,4,5,2,0,7,4
5c3q_18_clean_output_list.txt,10,73,2,29,10,12,12,9,9
3hz4_1_clean_output_list.txt,16,102,13,27,3,25,4,20,26
1tmk_1_clean_output_list.txt,2,61,33,14,0,11,1,1,3
3fjo_2_clean_output_list.txt,23,79,8,56,8,9,9,4,8
4hok_1_clean_output_list.txt,15,98,39,23,8,8,6,2,27
3hqx_1_clean_output_list.txt,7,95,43,18,7,4,6,19,5
2f1m_2_clean_output_list.txt,16,69,15,30,0,18,0,15,7
3wgn_3_clean_output_list.txt,14,55,5,26,8,6,14,7,3
3sdp_1_clean_output_list.txt,5,58,14,15,3,9,8,2,12
4cqo_7_clean_output_list.txt,16,110,30,24,16,15,6,30,5
5eg8_1_clean_output_list.txt,22,83,2,51,12,14,5,12,9
4yxf_1_clean_output_list.txt,8,138,40,39,7,22,3,11,24
6b72_1_clean_output_list.txt,5,78,30,24,0,7,8,0,14
6qu4_11_clean_output_list.txt,16,61,14,26,10,9,5,10,3
5ygs_6_clean_output_list.txt,10,85,33,26,6,20,2,2,6
3clk_1_clean_output_list.txt,6,71,24,22,1,11,7,12,0
1dov_3_clean_output_list.txt,14,90,18,33,7,16,14,14,2
2yaz_6_clean_output_list.txt,11,83,14,46,6,5,10,4,9
3rao_1_clean_output_list.txt,12,50,1,31,7,9,5,4,5
4rnj_1_clean_output_list.txt,3,52,15,18,3,8,2,3,6
1x1p_3_clean_output_list.txt,10,78,23,28,9,8,10,5,5
2b8h_6_clean_output_list.txt,11,79,16,20,2,24,3,12,13
5hb0_7_clean_output_list.txt,5,90,34,11,0,32,0,18,0
3tsw_4_clean_output_list.txt,21,66,17,27,10,22,8,0,3
4l4z_1_clean_output_list.txt,10,70,29,12,0,12,2,6,19
1j36_3_clean_output_list.txt,16,106,9,32,26,13,31,9,2
6iny_1_clean_output_list.txt,19,102,6,38,7,18,6,32,14
5h7z_5_clean_output_list.txt,28,75,14,23,28,8,6,13,11
2ov8_1_clean_output_list.txt,6,54,21,21,1,0,6,0,11
1zsz_1_clean_output_list.txt,0,41,16,5,5,2,2,9,2
1ku2_1_clean_output_list.txt,28,129,14,60,15,24,13,17,14
3f3y_2_clean_output_list.txt,8,29,1,14,2,6,3,4,7
5h23_1_clean_output_list.txt,5,26,8,8,0,2,1,6,6
4mhr_2_clean_output_list.txt,12,69,41,5,4,10,0,14,7
1juh_9_clean_output_list.txt,28,164,30,39,9,43,12,42,17
4c0o_1_clean_output_list.txt,13,62,4,32,3,12,4,18,2
5ckm_1_clean_output_list.txt,14,60,44,4,6,2,0,15,3
1uou_1_clean_output_list.txt,2,72,36,8,10,6,0,7,7
3by8_2_clean_output_list.txt,4,59,11,24,11,8,2,5,2
4kxf_17_clean_output_list.txt,45,109,16,70,17,18,12,12,9
4eru_1_clean_output_list.txt,17,96,31,29,3,31,5,11,3
3rob_1_clean_output_list.txt,4,64,22,18,5,14,2,1,6
1jil_1_clean_output_list.txt,16,98,15,8,30,4,6,36,15
3pc6_1_clean_output_list.txt,7,39,10,20,0,9,4,1,2
4twa_2_clean_output_list.txt,16,94,9,44,14,11,8,2,22
3thn_1_clean_output_list.txt,42,164,35,72,12,18,18,10,41
1qhm_4_clean_output_list.txt,15,92,29,34,2,15,0,11,16
2xdp_6_clean_output_list.txt,31,188,55,54,27,34,10,33,6
5kol_2_clean_output_list.txt,8,76,20,8,3,10,4,9,30
3cjw_1_clean_output_list.txt,8,72,22,16,22,0,2,14,4
5y2f_2_clean_output_list.txt,7,62,13,42,7,2,3,0,2
1k9a_11_clean_output_list.txt,12,113,29,39,11,15,15,4,12
5xwm_3_clean_output_list.txt,13,76,2,35,11,13,16,6,6
3qq6_1_clean_output_list.txt,4,40,12,0,0,15,5,12,0
2nyb_2_clean_output_list.txt,10,55,11,16,2,6,6,18,6
3ml6_7_clean_output_list.txt,24,76,7,53,11,12,6,9,2
4dq0_1_clean_output_list.txt,16,86,16,26,5,18,9,19,9
3r8c_1_clean_output_list.txt,0,59,10,17,1,9,5,2,15
2yxz_2_clean_output_list.txt,18,212,93,38,4,19,17,12,47
3aos_1_clean_output_list.txt,18,82,14,44,9,16,6,7,4
4ov8_5_clean_output_list.txt,41,116,37,48,21,21,22,2,6
3fcx_1_clean_output_list.txt,13,52,4,31,8,4,7,8,3
5na8_5_clean_output_list.txt,22,68,5,37,14,10,13,11,0
2e46_1_clean_output_list.txt,13,74,29,10,10,8,2,10,18
4ft4_1_clean_output_list.txt,24,100,23,32,7,8,25,7,22
2ekz_1_clean_output_list.txt,12,36,13,14,3,4,5,2,7
1f1g_2_clean_output_list.txt,6,53,13,14,0,11,0,2,19
3duv_1_clean_output_list.txt,7,96,34,31,5,13,6,9,5
1xkv_1_clean_output_list.txt,17,73,9,30,7,17,9,4,14
5h5n_1_clean_output_list.txt,9,74,34,28,4,5,6,4,2
1u2j_24_clean_output_list.txt,13,69,21,27,5,20,4,0,5
5hkl_1_clean_output_list.txt,5,89,14,18,5,28,8,13,8
5jgk_1_clean_output_list.txt,22,85,22,45,9,22,1,7,1
3woa_1_clean_output_list.txt,5,67,25,28,7,4,6,0,2
6qsn_1_clean_output_list.txt,30,150,36,57,17,16,18,10,26
4nxw_2_clean_output_list.txt,8,62,25,22,7,2,2,12,0
3kvb_1_clean_output_list.txt,18,93,26,48,5,18,4,10,0
1dp4_2_clean_output_list.txt,0,29,17,8,1,2,0,1,0
5dis_10_clean_output_list.txt,6,79,6,21,7,12,15,24,0
4ldz_1_clean_output_list.txt,9,67,25,14,3,14,4,8,8
3bxx_1_clean_output_list.txt,23,112,24,43,11,20,13,11,13
6gv1_7_clean_output_list.txt,6,74,46,10,4,10,2,2,6
2rc3_2_clean_output_list.txt,5,85,31,25,4,13,7,2,8
4da4_1_clean_output_list.txt,17,97,17,40,11,13,7,8,18
6qgs_17_clean_output_list.txt,9,85,45,22,1,23,0,1,2
3lyc_3_clean_output_list.txt,8,87,5,8,6,4,0,15,57
5f5m_2_clean_output_list.txt,11,85,29,34,4,9,13,1,6
5y4t_1_clean_output_list.txt,3,43,17,16,3,6,0,4,0
3dqv_12_clean_output_list.txt,17,109,17,59,13,13,16,8,0
6h97_3_clean_output_list.txt,18,58,10,18,1,14,2,17,14
8jdw_1_clean_output_list.txt,1,16,7,2,0,7,0,0,1
4wvr_2_clean_output_list.txt,7,46,9,4,0,20,0,14,6
3t6n_4_clean_output_list.txt,18,92,28,39,15,8,11,1,8
3nuh_5_clean_output_list.txt,23,68,1,23,18,0,22,9,18
3oco_1_clean_output_list.txt,6,63,33,20,0,4,2,8,2
3d7a_1_clean_output_list.txt,8,44,10,16,4,9,6,6,1
1i49_3_clean_output_list.txt,10,54,0,27,9,6,12,8,2
4hne_6_clean_output_list.txt,10,96,49,22,14,4,6,6,5
1wac_4_clean_output_list.txt,22,78,8,26,18,16,18,8,6
3f8h_1_clean_output_list.txt,16,97,43,25,1,18,7,9,10
1zh2_1_clean_output_list.txt,10,65,8,26,15,1,14,1,10
1o92_2_clean_output_list.txt,8,74,17,32,16,2,10,1,4
2hjd_1_clean_output_list.txt,4,75,33,11,2,24,0,1,8
4xss_5_clean_output_list.txt,10,78,6,18,2,24,8,20,10
4yet_1_clean_output_list.txt,4,59,11,18,2,8,8,10,6
3p3d_2_clean_output_list.txt,1,56,34,2,0,2,0,4,15
2r8q_1_clean_output_list.txt,2,53,30,10,0,10,0,3,2
2q4n_1_clean_output_list.txt,11,82,43,4,11,4,0,23,8
4g0a_16_clean_output_list.txt,18,116,24,60,12,16,14,4,4
3e6d_1_clean_output_list.txt,18,151,67,47,3,24,14,8,6
3kbf_1_clean_output_list.txt,7,59,32,4,9,2,0,10,9
2i7p_1_clean_output_list.txt,14,44,5,21,7,10,6,9,0
3p0u_1_clean_output_list.txt,13,85,28,36,3,14,8,8,1
2xeu_1_clean_output_list.txt,6,45,25,2,1,2,2,12,7
4l7e_1_clean_output_list.txt,9,142,59,43,10,6,23,4,6
1fp3_2_clean_output_list.txt,4,98,43,16,3,15,0,13,12
4g0b_5_clean_output_list.txt,11,92,23,46,9,9,2,13,1
5kz6_1_clean_output_list.txt,12,83,22,16,0,17,2,16,22
5jsq_1_clean_output_list.txt,8,108,26,43,13,11,13,6,4
4red_1_clean_output_list.txt,22,156,40,41,6,57,9,23,2
1ix9_1_clean_output_list.txt,5,55,10,10,1,16,4,13,6
3qm2_1_clean_output_list.txt,6,71,23,18,2,7,4,7,16
5b3z_1_clean_output_list.txt,22,54,6,19,9,14,5,19,4
2brv_1_clean_output_list.txt,29,80,6,48,13,14,6,18,4
3vdu_4_clean_output_list.txt,10,87,40,12,18,6,10,4,7
3bwv_1_clean_output_list.txt,6,60,30,13,2,7,4,5,5
6fwt_2_clean_output_list.txt,9,56,5,22,3,16,4,7,8
1se8_1_clean_output_list.txt,9,33,9,4,21,0,0,2,6
3igr_2_clean_output_list.txt,3,69,32,14,11,2,2,7,4
3c9g_1_clean_output_list.txt,5,38,3,13,1,14,3,9,0
3fdg_1_clean_output_list.txt,5,59,19,13,5,12,9,2,4
6dfk_9_clean_output_list.txt,25,73,5,56,7,10,11,5,4
6d2s_6_clean_output_list.txt,7,88,31,12,5,16,4,17,10
4ziq_3_clean_output_list.txt,20,163,29,52,8,26,14,28,26
2p5u_1_clean_output_list.txt,6,104,51,23,0,24,4,7,1
2aca_1_clean_output_list.txt,17,46,13,19,0,14,1,9,7
4bbr_39_clean_output_list.txt,5,10,0,10,0,4,0,1,0
3zpg_1_clean_output_list.txt,14,170,92,26,19,14,0,21,12
1c3g_1_clean_output_list.txt,8,47,8,15,3,11,5,10,3
4pz8_4_clean_output_list.txt,42,102,25,34,20,16,8,15,26
3dvf_1_clean_output_list.txt,9,48,26,4,1,2,0,15,9
3ros_1_clean_output_list.txt,21,205,76,26,31,25,6,44,18
2gwh_1_clean_output_list.txt,0,26,5,10,0,6,2,3,0
6fpt_1_clean_output_list.txt,16,114,28,32,6,31,7,16,10
2zb3_4_clean_output_list.txt,18,90,14,24,7,16,6,21,20
3zrt_1_clean_output_list.txt,15,93,14,29,9,12,20,10,14
2erc_1_clean_output_list.txt,13,110,14,35,10,25,16,17,6
1kie_1_clean_output_list.txt,11,69,16,22,0,24,0,6,12
5xzw_7_clean_output_list.txt,22,79,1,45,14,10,12,13,6
6i7k_1_clean_output_list.txt,14,62,8,18,4,24,6,12,4
5nqz_11_clean_output_list.txt,27,114,20,53,8,14,10,30,6
1h3i_1_clean_output_list.txt,16,108,46,22,2,25,3,13,13
2fuc_1_clean_output_list.txt,21,75,28,18,20,4,4,18,4
1m08_1_clean_output_list.txt,13,32,0,10,17,2,3,1,12
4zai_4_clean_output_list.txt,7,75,20,26,2,19,0,11,4
1qvw_1_clean_output_list.txt,4,42,9,14,2,10,2,7,2
6iii_1_clean_output_list.txt,19,105,6,43,7,18,6,30,14
3ooo_1_clean_output_list.txt,4,28,8,4,1,14,0,5,0
3uro_2_clean_output_list.txt,2,57,10,4,0,18,0,25,2
1ysj_1_clean_output_list.txt,11,90,23,26,0,25,0,15,12
2qms_1_clean_output_list.txt,3,16,2,10,2,2,0,0,3
5uzx_1_clean_output_list.txt,5,37,6,16,5,3,4,0,8
1a17_6_clean_output_list.txt,12,155,57,57,5,16,16,6,10
3ljs_1_clean_output_list.txt,0,11,3,4,0,4,0,0,0
4xar_1_clean_output_list.txt,6,74,26,9,3,8,0,31,3
5wdi_2_clean_output_list.txt,9,49,8,23,2,7,4,4,10
1lee_3_clean_output_list.txt,17,161,72,20,4,58,2,15,7
3hpn_1_clean_output_list.txt,16,91,24,40,6,20,4,13,0
5b7z_1_clean_output_list.txt,10,24,0,12,5,3,9,1,4
3kg7_2_clean_output_list.txt,4,43,13,9,1,13,2,9,0
2xj9_1_clean_output_list.txt,25,118,26,56,8,20,16,1,16
3qat_3_clean_output_list.txt,11,71,34,20,2,10,4,1,11
3rmk_3_clean_output_list.txt,16,45,6,31,6,6,11,1,0
3o9s_1_clean_output_list.txt,5,26,8,11,1,2,4,0,5
3hjg_1_clean_output_list.txt,8,65,20,10,0,24,0,8,11
2r3v_6_clean_output_list.txt,8,63,23,18,1,16,9,4,0
2io3_12_clean_output_list.txt,13,238,132,42,1,51,8,13,4
1u3z_1_clean_output_list.txt,2,45,18,4,10,6,2,7,0
5k93_1_clean_output_list.txt,27,61,0,40,9,4,19,0,16
4qf3_3_clean_output_list.txt,2,63,25,17,3,18,0,0,2
3dl3_1_clean_output_list.txt,0,7,2,0,0,3,1,1,0
1k1y_4_clean_output_list.txt,21,104,23,43,13,8,22,13,3
6dd5_1_clean_output_list.txt,29,81,19,24,6,17,13,18,13
4ld8_1_clean_output_list.txt,2,72,36,8,10,4,0,16,0
5y3e_2_clean_output_list.txt,19,54,6,7,9,12,8,17,14
3l6b_1_clean_output_list.txt,5,57,30,10,9,4,0,7,2
3rtr_20_clean_output_list.txt,21,74,36,24,2,21,4,8,0
4nk0_2_clean_output_list.txt,3,47,20,13,2,12,1,2,0
3icw_3_clean_output_list.txt,11,158,75,34,5,44,0,7,4
6qpp_2_clean_output_list.txt,7,32,7,16,2,6,0,8,0
3dvi_1_clean_output_list.txt,12,59,49,4,6,0,0,9,3
1hy3_1_clean_output_list.txt,1,24,0,11,1,4,4,5,0
3i8b_2_clean_output_list.txt,8,65,33,6,6,10,0,14,4
4qhi_1_clean_output_list.txt,13,67,27,22,7,14,2,8,0
4zrn_1_clean_output_list.txt,8,106,60,21,5,9,14,4,1
1b23_4_clean_output_list.txt,15,76,29,10,30,4,4,11,3
5dra_1_clean_output_list.txt,4,58,38,2,2,8,0,4,8
4o1w_1_clean_output_list.txt,9,46,9,30,3,4,2,5,2
6h3s_1_clean_output_list.txt,17,104,25,32,3,25,4,29,3
1zbr_1_clean_output_list.txt,11,39,12,11,2,11,1,5,8
5yii_1_clean_output_list.txt,19,82,41,4,3,17,0,18,18
3kay_1_clean_output_list.txt,4,63,15,16,1,16,4,4,11
6as7_3_clean_output_list.txt,24,91,12,42,11,25,4,21,0
6r2s_8_clean_output_list.txt,19,78,13,30,2,14,4,18,16
3eij_1_clean_output_list.txt,18,98,14,37,12,13,16,16,8
3ufe_1_clean_output_list.txt,10,195,84,38,8,47,11,17,0
3kht_2_clean_output_list.txt,8,61,24,8,4,14,4,13,2
2gsl_3_clean_output_list.txt,3,61,26,26,0,3,2,3,4
5vxa_3_clean_output_list.txt,15,97,38,28,6,22,10,4,4
3mnd_1_clean_output_list.txt,8,60,14,12,0,16,5,2,19
2o9a_1_clean_output_list.txt,5,56,25,17,1,9,0,3,6
3dka_1_clean_output_list.txt,4,65,8,20,4,15,4,13,5
3d7q_2_clean_output_list.txt,11,73,25,10,8,8,6,23,4
3k5x_2_clean_output_list.txt,6,61,23,18,7,6,2,9,2
